id,name,url,domain,category,subcategory,description,tags,risk_tier,pii_sensitive,breach_or_credentials,dark_web,malware,biometric,source_line
aol-c58c7011,Aol,https://search.aol.com,search.aol.com,General Search,,The web for America.,discovery|search,low,False,False,False,False,False,104
bing-ebb23203,Bing,https://www.bing.com,bing.com,General Search,,Microsoft´s search engine.,discovery|search,low,False,False,False,False,False,105
brave-236fff87,Brave,https://search.brave.com,search.brave.com,General Search,,"a private, independent, and transparent search engine.",discovery|search,low,False,False,False,False,False,106
goodsearch-0d8b0f28,Goodsearch,https://www.goodsearch.com,goodsearch.com,General Search,,a search engine for shopping deals online.,discovery|search,low,False,False,False,False,False,107
google-search-aeff6493,Google Search,https://www.google.com,google.com,General Search,,Most popular search engine.,discovery|search,low,False,False,False,False,False,108
instya-deaffdbc,Instya,https://www.instya.com,instya.com,General Search,,"You can searching shopping sites, dictionaries, answer sites, news, images, videos and much more.",discovery|search,low,False,False,False,False,False,109
lycos-bfadec9a,Lycos,https://www.lycos.com,lycos.com,General Search,,"A search engine for pictures, videos, news and products.",discovery|search,low,False,False,False,False,False,110
mojeek-21651905,Mojeek,https://www.mojeek.com/,mojeek.com,General Search,,A growing independent search engine which does not track you.,discovery|search,low,False,False,False,False,False,111
perplexity-238d92ac,Perplexity,https://www.perplexity.ai,perplexity.ai,General Search,,AI-powered search engine with source citations.,discovery|search,low,False,False,False,False,False,112
phind-a82bc7fc,Phind,https://phindai.org/,phindai.org,General Search,,AI search engine optimized for developers and technical questions.,discovery|search,low,False,False,False,False,False,113
search-com-af9ea96e,Search.com,https://www.search.com,search.com,General Search,,Search the Web by searching the best engines from one place.,discovery|search,low,False,False,False,False,False,114
wolfram-alpha-27cb1fa3,Wolfram Alpha,https://www.wolframalpha.com,wolframalpha.com,General Search,,Wolfram Alpha is a computational knowledge engine (answer engine) developed by Wolfram Alpha. It will compute expert-level answers using Wolfram’s breakthrough,discovery|search,low,False,False,False,False,False,115
yahoo-search-20210b67,Yahoo! Search,https://www.yahoo.com,yahoo.com,General Search,,The search engine that helps you find exactly what you're looking for.,discovery|search,low,False,False,False,False,False,117
you-3d8ec5fd,YOU,https://you.com,you.com,General Search,,AI search engine.,discovery|search,low,False,False,False,False,False,118
atdork-77d72248,AtDork,https://github.com/amnottdevv/atdork,github.com,Google Dorks Tools,,"Professional OSINT dorking tool featuring adaptive delay, circuit breaker, and automatic backend fallback to avoid IP bans and rate limits.",open-source|query-building|search-operators,low,False,False,False,False,False,124
dorkgenius-2af30248,DorkGenius,https://dorkgenius.com/,dorkgenius.com,Google Dorks Tools,,"DorkGenius is the ultimate tool for generating custom search queries for Google, Bing, and DuckDuckGo. - Our cutting-edge app uses the power of AI to help you create advanced search queries that can find exactly what you're looking for on the web.",query-building|search-operators,low,False,False,False,False,False,125
dorkgpt-e21382df,DorkGPT,https://www.dorkgpt.com/,dorkgpt.com,Google Dorks Tools,,Generate Google Dorks with AI.,query-building|search-operators,low,False,False,False,False,False,126
google-hacking-database-ghdb-17d4821c,Google Hacking Database (GHDB),https://www.exploit-db.com/google-hacking-database,exploit-db.com,Google Dorks Tools,,"The GHDB is an index of search queries (we call them dorks) used to find publicly available information, intended for pentesters and security researchers.",query-building|search-operators,low,False,False,False,False,False,127
searchdorks-b8763c1f,SearchDorks,https://kriztalz.sh/search-dorks/,kriztalz.sh,Google Dorks Tools,,"Generate Search Engine (Google, FOFA, Shodan, Censys, ZoomEye) Dorks using AI.",query-building|search-operators,low,False,False,False,False,False,128
alleba-philippines-adc143c4,Alleba (Philippines),http://www.alleba.com,alleba.com,Main National Search Engines,,Philippines search engine,regional-search|search,low,False,False,False,False,False,134
baidu-china-fb4633f5,Baidu (China),http://www.baidu.com,baidu.com,Main National Search Engines,,The major search engine used in China,regional-search|search,low,False,False,False,False,False,135
daum-south-korea-57ec31b1,Daum (South Korea),https://www.daum.net/,daum.net,Main National Search Engines,,,regional-search|search,low,False,False,False,False,False,136
eniro-sweden-9ce7a6e8,Eniro (Sweden),http://www.eniro.se,eniro.se,Main National Search Engines,,,regional-search|search,low,False,False,False,False,False,137
gerdoo-iran-3b4d0389,Gerdoo (Iran),http://gerdoo.me,gerdoo.me,Main National Search Engines,,,regional-search|search,low,False,False,False,False,False,138
goo-japan-2b81e376,Goo (Japan),http://www.goo.ne.jp,goo.ne.jp,Main National Search Engines,,,regional-search|search,low,False,False,False,False,False,139
najdi-slovenia-c9dc18f9,Najdi (Slovenia),http://www.najdi.si,najdi.si,Main National Search Engines,,,regional-search|search,low,False,False,False,False,False,140
naver-south-korea-9b578aee,Naver (South Korea),http://www.naver.com,naver.com,Main National Search Engines,,,regional-search|search,low,False,False,False,False,False,141
onet-pl-poland-8ac638ec,Onet.pl (Poland),http://www.onet.pl,onet.pl,Main National Search Engines,,,regional-search|search,low,False,False,False,False,False,142
orange-france-611b534f,Orange (France),http://www.orange.fr,orange.fr,Main National Search Engines,,,regional-search|search,low,False,False,False,False,False,143
parseek-iran-61068e4d,Parseek (Iran),http://www.parseek.com,parseek.com,Main National Search Engines,,,regional-search|search,low,False,False,False,False,False,144
sapo-portugal-d7617229,SAPO (Portugal),http://www.sapo.pt,sapo.pt,Main National Search Engines,,,regional-search|search,low,False,False,False,False,False,145
search-ch-switzerland-6010c82a,Search.ch (Switzerland),http://www.search.ch,search.ch,Main National Search Engines,,,regional-search|search,low,False,False,False,False,False,146
seznam-czech-republic-7070a1ab,Seznam(Czech Republic),https://seznam.cz,seznam.cz,Main National Search Engines,,,regional-search|search,low,False,False,False,False,False,147
sogou-china-9f456498,SoGou (China),http://www.sogou.com/,sogou.com,Main National Search Engines,,,regional-search|search,low,False,False,False,False,False,148
walla-israel-149cf060,Walla (Israel),http://www.walla.co.il,walla.co.il,Main National Search Engines,,,regional-search|search,low,False,False,False,False,False,149
yandex-russia-3fcac293,Yandex (Russia),http://www.yandex.com,yandex.com,Main National Search Engines,,,regional-search|search,low,False,False,False,False,False,150
zarebin-iran-91d692df,Zarebin (Iran),http://zarebin.ir,zarebin.ir,Main National Search Engines,,,regional-search|search,low,False,False,False,False,False,151
all-in-one-74117685,All-in-One,http://all-io.net,all-io.net,Meta Search,,,metasearch|search,low,False,False,False,False,False,157
alltheinternet-2cae2fff,AllTheInternet,http://www.alltheinternet.com,alltheinternet.com,Meta Search,,,metasearch|search,low,False,False,False,False,False,158
etools-c013f129,Etools,http://www.etools.ch,etools.ch,Meta Search,,,metasearch|search,low,False,False,False,False,False,159
faganfinder-a8dcd1aa,FaganFinder,http://www.faganfinder.com/engines,faganfinder.com,Meta Search,,,metasearch|search,low,False,False,False,False,False,160
goofram-915a157c,Goofram,http://www.goofram.com,goofram.com,Meta Search,,,metasearch|search,low,False,False,False,False,False,161
izito-6d3c9cb7,iZito,http://www.izito.com,izito.com,Meta Search,,,metasearch|search,low,False,False,False,False,False,162
myallsearch-34d9a51d,Myallsearch,http://www.myallsearch.com,myallsearch.com,Meta Search,,,metasearch|search,low,False,False,False,False,False,163
qwant-1561b2ca,Qwant,http://www.qwant.com,qwant.com,Meta Search,,French search engine that relies on Microsoft Bing.,metasearch|search,low,False,False,False,False,False,164
searxng-403cff6b,SearXNG,https://searxng.org/,searxng.org,Meta Search,,"A privacy-respecting, open-source metasearch engine.",metasearch|open-source|search,low,False,False,False,False,False,165
swisscows-6fd9f1c7,Swisscows,https://swisscows.com/,swisscows.com,Meta Search,,,metasearch|search,low,False,False,False,False,False,166
duckduckgo-47e8964a,DuckDuckGo,https://duckduckgo.com,duckduckgo.com,Privacy Focused Search Engines,,an Internet search engine that emphasizes protecting searchers' privacy.,privacy|search,low,False,False,False,False,False,172
disconnect-search-a7d3998e,Disconnect Search,https://search.disconnect.me/,search.disconnect.me,Privacy Focused Search Engines,,Stop search engines from tracking your searches.,privacy|search,low,False,False,False,False,False,173
gibiru-bb96664e,Gibiru,https://gibiru.com/,gibiru.com,Privacy Focused Search Engines,,Gibiru provides “uncensored search results” without collecting personal data like logging users’ IP addresses or search queries.,privacy|search,low,False,False,False,False,False,174
kagi-search-28148b62,Kagi Search,https://kagi.com/,kagi.com,Privacy Focused Search Engines,,"Liberate your search. Free of ads. Free of surveillance. Your time respected. You are the customer, never the product.",free|privacy|search,low,False,False,False,False,False,175
mojeek-5b917b36,Mojeek,https://www.mojeek.com/,mojeek.com,Privacy Focused Search Engines,,Mojeek is a growing independent search engine which does not track you.,privacy|search,low,False,False,False,False,False,176
presearch-a612ad4a,Presearch,https://presearch.com/,presearch.com,Privacy Focused Search Engines,,"Presearch is a decentralized, community-driven search engine that protects your privacy and rewards you when you search.",privacy|search,low,False,False,False,False,False,177
qwant-ace443ce,Qwant,https://www.qwant.com/,qwant.com,Privacy Focused Search Engines,,The search engine that respects your privacy.,privacy|search,low,False,False,False,False,False,178
startpage-9e16fc8c,Startpage,https://www.startpage.com/,startpage.com,Privacy Focused Search Engines,,The world’s most private search engine.,privacy|search,low,False,False,False,False,False,179
searxng-ffde4e68,SearXNG,https://searxng.org/,searxng.org,Privacy Focused Search Engines,,"A privacy-respecting, open-source metasearch engine.",open-source|privacy|search,low,False,False,False,False,False,180
swisscows-887d96ae,swisscows,https://swisscows.com/en,swisscows.com,Privacy Focused Search Engines,,"Anonymous search engine, a family-friendly, privacy-focused search engine based in Switzerland.",privacy|search,low,False,False,False,False,False,181
checkleaked-9ff0ce1f,CheckLeaked,https://checkleaked.cc/,checkleaked.cc,Data Breach Search Engines,,"Check if an email, username or phone appears in a data breach, showing the sources; free searches, developer API and chat bots.",api|breach-exposure|defensive|free,guarded,True,True,False,False,False,187
credenshow-86b37bee,CredenShow,https://credenshow.com/,credenshow.com,Data Breach Search Engines,,Identify your compromised credentials before others do.,breach-exposure|defensive,restricted,False,True,False,False,False,188
hib-ransomed-aa4ad5ee,HIB Ransomed,https://haveibeenransom.com/,haveibeenransom.com,Data Breach Search Engines,,Because people have the right to know if their data has been leaked.,breach-exposure|defensive,guarded,True,True,False,False,False,189
heroic-now-9f0e99a2,HEROIC.NOW,https://heroic.com/,heroic.com,Data Breach Search Engines,,Has your data been leaked on the dark web? Scan your identities for FREE.,breach-exposure|defensive|free,guarded,False,True,True,False,False,190
iknowyour-dad-899e3b64,IKnowYour.Dad,https://iknowyour.dad/,iknowyour.dad,Data Breach Search Engines,,Data Breach Search Engine.,breach-exposure|defensive,guarded,False,True,False,False,False,191
leaker-4235f858,Leaker,https://github.com/vflame6/leaker,github.com,Data Breach Search Engines,,Passive leak enumeration CLI tool that searches across 10 breach databases simultaneously.,breach-exposure|cli|defensive|open-source,restricted,False,True,False,False,False,192
nox-38ea7efa,NOX,https://github.com/nox-project/nox-framework,github.com,Data Breach Search Engines,,Recursive async framework for deep breach analysis and identity pivoting.,breach-exposure|defensive|open-source,guarded,False,True,False,False,False,193
osintcat-b0b331b0,OsintCat,https://www.osintcat.net/,osintcat.net,Data Breach Search Engines,,"Check if an email address has been exposed in known data breaches. Fast lookup across multiple breach databases, with a simple API available.",api|breach-exposure|defensive,restricted,True,True,False,False,False,194
stealseek-f3309e1c,StealSeek,https://stealseek.io/,stealseek.io,Data Breach Search Engines,,Powerful search engine designed to help you find and analyze data breaches.,breach-exposure|defensive,guarded,False,True,False,False,False,195
venacus-e43187e7,Venacus,https://venacus.com/,venacus.com,Data Breach Search Engines,,Search for your data breaches and get notified when your data is compromised.,breach-exposure|defensive,guarded,False,True,False,False,False,196
2lingual-search-d1f1258f,2lingual Search,http://www.2lingual.com,2lingual.com,Speciality Search Engines,,,specialized-search,low,False,False,False,False,False,202
abusech-1885f1cd,Abusech,https://hunting.abuse.ch,hunting.abuse.ch,Speciality Search Engines,,Hunt across all abuse.ch platforms with one simple query,specialized-search,low,False,False,False,False,False,203
abuseipdb-7ea9dff6,Abuseipdb,https://www.abuseipdb.com/,abuseipdb.com,Speciality Search Engines,,"Repository of abuses reported by system administrators for IPs, Domains, and subnets",specialized-search,low,False,False,False,False,False,204
bevigil-75142ce5,BeVigil,https://bevigil.com/search,bevigil.com,Speciality Search Engines,,"Search for assets like Subdomains, URLs, Parameters in mobile applications",specialized-search,low,False,False,False,False,False,205
bgp-tools-54c70485,BGP.tools,https://bgp.tools,bgp.tools,Speciality Search Engines,,Modern BGP toolkit for network reconnaissance and analysis.,asn-bgp|specialized-search,low,False,False,False,False,False,206
bgp-he-net-daa7fa2b,BGP.he.net,https://bgp.he.net,bgp.he.net,Speciality Search Engines,,Free BGP and network intelligence toolkit,asn-bgp|free|specialized-search,low,False,False,False,False,False,207
biznar-447870b9,Biznar,http://biznar.com,biznar.com,Speciality Search Engines,,,specialized-search,low,False,False,False,False,False,208
brightcloud-48454812,BrightCloud,https://brightcloud.com/tools/url-ip-lookup.php,brightcloud.com,Speciality Search Engines,,"Checks the reputation, category, and potential threats associated with a URL or IP address.",specialized-search,low,False,False,False,False,False,209
browserleaks-4009f402,Browserleaks,https://browserleaks.com/,browserleaks.com,Speciality Search Engines,,BrowserLeaks tests your browser for privacy and fingerprinting leaks,specialized-search,guarded,False,True,False,False,False,210
censys-9715a399,Censys,https://search.censys.io/,search.censys.io,Speciality Search Engines,,Searcher that monitors and analyzes devices.,specialized-search,low,False,False,False,False,False,211
certkit-certificate-search-08715c0e,CertKit Certificate Search,https://www.certkit.io/tools/ct-logs/,certkit.io,Speciality Search Engines,,Fast search for public SSL/TLS certificate records.,certificate|specialized-search,low,False,False,False,False,False,212
cisco-talos-intelligence-2f56ee42,Cisco Talos Intelligence,https://talosintelligence.com/reputation_center,talosintelligence.com,Speciality Search Engines,,IP and Domain Reputation Center for real-time threat detection,specialized-search,low,False,False,False,False,False,213
citeseerx-b8be1b34,CiteSeerX,http://citeseer.ist.psu.edu,citeseer.ist.psu.edu,Speciality Search Engines,,,specialized-search,low,False,False,False,False,False,214
cloudflare-radar-62a479d5,Cloudflare Radar,https://radar.cloudflare.com,radar.cloudflare.com,Speciality Search Engines,,"Internet traffic patterns, attacks, and technology trends.",specialized-search,low,False,False,False,False,False,215
criminal-ip-1e47ed80,Criminal IP,https://www.criminalip.io/,criminalip.io,Speciality Search Engines,,Cyber Threat Intelligence Search Engine and Attack Surface Management(ASM) platform,specialized-search,guarded,True,False,False,False,True,216
crt-certificate-search-76df22db,CRT Certificate Search,https://crt.sh,crt.sh,Speciality Search Engines,,Allows you to search for public SSL/TLS certificates recorded in Certificate Transparency logs,certificate|specialized-search,low,False,False,False,False,False,217
fofa-95e910ca,FOFA,https://en.fofa.info/,en.fofa.info,Speciality Search Engines,,Asset search and analysis tool.,specialized-search,low,False,False,False,False,False,218
fullhunt-86a2453f,FullHunt,https://fullhunt.io/,fullhunt.io,Speciality Search Engines,,FullHunt identifies and secures your External Attack Surface.,specialized-search,guarded,True,False,False,False,False,219
google-custom-search-c012e5a6,Google Custom Search,http://www.google.com/cse,google.com,Speciality Search Engines,,,specialized-search,low,False,False,False,False,False,220
grayhatwarfare-a4c78543,GrayhatWarfare,https://grayhatwarfare.com/,grayhatwarfare.com,Speciality Search Engines,,"Searches and indexes open Amazon S3 buckets, allowing users to find and explore potentially exposed data.",specialized-search,low,False,False,False,False,False,221
greynoise-1f60c47c,GreyNoise,https://viz.greynoise.io/,viz.greynoise.io,Speciality Search Engines,,"Search Exposed Internet assets, Malicious IP's.",specialized-search,low,False,False,False,False,False,222
harmari-unified-listings-search-da4cb630,Harmari (Unified Listings Search),https://www.harmari.com/search/unified,harmari.com,Speciality Search Engines,,,specialized-search,low,False,False,False,False,False,223
hunter-search-engine-999f0a9c,Hunter Search Engine,https://hunter.how/,hunter.how,Speciality Search Engines,,"Search Exposed Internet assets, open web directories and many more.",specialized-search,low,False,False,False,False,False,224
intelligence-x-3e3775a9,Intelligence X,https://intelx.io/tools,intelx.io,Speciality Search Engines,,Paid OSINT Tool Allowing users to search for information across various sources including the dark web and public data leaks.,paid|specialized-search,guarded,False,True,True,False,False,225
internet-archive-9be8b755,Internet Archive,https://archive.org/,archive.org,Speciality Search Engines,,,archive|specialized-search,low,False,False,False,False,False,226
islegitsite-f5d0610a,Islegitsite,https://www.islegitsite.com/,islegitsite.com,Speciality Search Engines,,"Checks if a website is trustworthy by analyzing its reputation, domain, and security based on public sources.",specialized-search,low,False,False,False,False,False,227
malwarebazaar-871bf472,MalwareBazaar,https://bazaar.abuse.ch/browse/,bazaar.abuse.ch,Speciality Search Engines,,"Search and download confirmed malware samples by hash, family, tag, and other criteria.",malware|specialized-search,restricted,False,False,False,True,False,228
mamont-39bcd392,Mamont,https://www.mmnt.ru/,mmnt.ru,Speciality Search Engines,,,specialized-search,low,False,False,False,False,False,229
million-short-2731c1d6,Million Short,https://millionshort.com,millionshort.com,Speciality Search Engines,,,specialized-search,low,False,False,False,False,False,230
netlas-io-2ff0ec48,Netlas.io,https://app.netlas.io/,app.netlas.io,Speciality Search Engines,,,specialized-search,low,False,False,False,False,False,231
odin-1cca8bea,ODIN,https://search.odin.io/,search.odin.io,Speciality Search Engines,,"Used to search for Hosts, CVEs & Exposed Buckets/Files and shows a website is vulnerable or not. 10 Free Searches Per Day.",free|specialized-search,low,False,False,False,False,False,232
occrp-aleph-cf6c020c,OCCRP Aleph,https://aleph.occrp.org/,aleph.occrp.org,Speciality Search Engines,,,specialized-search,low,False,False,False,False,False,233
onyphe-63db1133,ONYPHE,https://search.onyphe.io/,search.onyphe.io,Speciality Search Engines,,OSINT engine indexing exposed assets and services across the internet.,specialized-search,low,False,False,False,False,False,234
packet-guru-40cc9874,packet.guru,https://packet.guru/,packet.guru,Speciality Search Engines,,"Browser-fingerprint and connection-trust audit: WebRTC/DNS leak tests, JA4/JA3 TLS and passive TCP/IP fingerprints, ECH state, and IP reputation (VPN, proxy, datacenter, Tor), returning two independent 0–100 Privacy & Trust scores. No signup, runs client-side.",certificate|free|registration|specialized-search,guarded,False,True,False,False,False,235
shadowserver-56010dcb,Shadowserver,https://dashboard.shadowserver.org/,dashboard.shadowserver.org,Speciality Search Engines,,Dashboard with global statistics on cyber threats collected by the Shadowserver Foundation.,specialized-search,low,False,False,False,False,False,236
shodan-648621a1,Shodan,https://www.shodan.io/,shodan.io,Speciality Search Engines,,Shodan is a search engine for the IOT(Internet of Things) that allows you to search variety of servers that are connected to the internet using various searching filters.,specialized-search,low,False,False,False,False,False,237
sikkerapi-af49b0f7,SikkerAPI,https://www.sikkerapi.com/,sikkerapi.com,Speciality Search Engines,,"SikkerAPI is a free IP and threat intelligence provider, that publishes IP reputation scores, behavioral data and full attack sessions across 16+ different protocols.",free|specialized-search,low,False,False,False,False,False,238
wipo-2f01bf5a,WIPO,https://www3.wipo.int/branddb/en/,www3.wipo.int,Speciality Search Engines,,,specialized-search,low,False,False,False,False,False,239
worldwidescience-org-fd6bee45,WorldWideScience.org,http://worldwidescience.org,worldwidescience.org,Speciality Search Engines,,,specialized-search,low,False,False,False,False,False,240
wpscan-07623cb1,Wpscan,https://wpscan.com,wpscan.com,Speciality Search Engines,,Scan your WordPress site and get an instant report on its security.,specialized-search,low,False,False,False,False,False,241
yaraif-6546c290,YARAif,https://yaraify.abuse.ch/scan/,yaraify.abuse.ch,Speciality Search Engines,,Collaborative YARA engine providing open threat intelligence through file pattern matching.,malware|specialized-search,guarded,False,False,False,True,False,242
zanran-4cd36c56,Zanran,http://zanran.com,zanran.com,Speciality Search Engines,,,specialized-search,low,False,False,False,False,False,243
zoomeye-d425d64a,ZoomEye,https://www.zoomeye.ai/,zoomeye.ai,Speciality Search Engines,,"ZoomEye is a cyberspace search engine for IPs, domains, internet asset discovery, and exposure analysis of servers, routers, and webcams.",specialized-search,low,False,False,False,False,False,244
ahmia-59f5660a,Ahmia,https://ahmia.fi,ahmia.fi,Dark Web Search Engines,,,dark-web|high-risk,guarded,False,False,True,False,False,247
aleph-open-search-13f650c7,Aleph Open Search,https://open-search.aleph-networks.eu,open-search.aleph-networks.eu,Dark Web Search Engines,,,dark-web|high-risk,guarded,False,False,True,False,False,248
carrot2-d1b68de0,Carrot2,https://search.carrot2.org,search.carrot2.org,Visual Search and Clustering Search Engines,,Organizes your search results into topics.,clustering|visual-search,low,False,False,False,False,False,254
zapmeta-c17164cc,Zapmeta,http://www.zapmeta.com,zapmeta.com,Visual Search and Clustering Search Engines,,,clustering|visual-search,low,False,False,False,False,False,255
similarsites-090e63b5,SimilarSites,http://www.similarsites.com,similarsites.com,Similar Sites Search,,Discover websites that are similar to each other,related-sites,low,False,False,False,False,False,261
siteslike-ee5a54d5,SitesLike,http://www.siteslike.com,siteslike.com,Similar Sites Search,,Find similar websites by category,related-sites,low,False,False,False,False,False,262
documentcloud-ba99fc1b,DocumentCloud,https://www.documentcloud.org,documentcloud.org,Document and Slides Search,,"Platform for analyzing, annotating, and publishing documents.",documents|pdf|slides,low,False,False,False,False,False,268
epstein-exposed-59f08b8a,Epstein Exposed,https://epsteinexposed.com,epsteinexposed.com,Document and Slides Search,,"Comprehensive searchable database of 2M+ DOJ Epstein case documents, 1,700+ persons, flight logs, emails, and network graph visualization.",documents|pdf|slides,guarded,True,False,False,False,False,269
find-pdf-doc-a17b3ec4,Find-pdf-doc,http://www.findpdfdoc.com,findpdfdoc.com,Document and Slides Search,,,documents|pdf|slides,low,False,False,False,False,False,270
free-full-pdf-f5088c33,Free Full PDF,http://www.freefullpdf.com,freefullpdf.com,Document and Slides Search,,,documents|free|pdf|slides,low,False,False,False,False,False,271
offshore-leak-database-a70359b5,Offshore Leak Database,https://offshoreleaks.icij.org,offshoreleaks.icij.org,Document and Slides Search,,,documents|pdf|slides,restricted,False,True,False,False,False,272
recap-archive-bb7eddef,RECAP Archive,https://www.courtlistener.com/recap/,courtlistener.com,Document and Slides Search,,Public archive of PACER court documents.,archive|documents|pdf|slides,low,False,False,False,False,False,273
scribd-2fc4b938,Scribd,http://www.scribd.com,scribd.com,Document and Slides Search,,,documents|pdf|slides,low,False,False,False,False,False,274
slideshare-1e7fea59,SlideShare,http://www.slideshare.net,slideshare.net,Document and Slides Search,,,documents|pdf|slides,low,False,False,False,False,False,275
apt-groups-and-operations-41c4a663,APT Groups and Operations,https://docs.google.com/spreadsheets/u/0/d/1H9_xaxQHpWaa4O_Son4Gx0YOIzlcBWMsdvePFX68EKU/pubhtml?pli=1#,docs.google.com,Threat Actor Search,,"Know about Threat Actors, sponsored countries, their tools, methods, etc.",cti|threat-actor,guarded,False,False,False,False,False,281
bi-zone-a9083b46,Bi.Zone,https://gti.bi.zone/,gti.bi.zone,Threat Actor Search,,148 threat groups with detailed TTPs.,cti|threat-actor,guarded,False,False,False,False,False,282
breachhq-13f55f6d,BreachHQ,https://breach-hq.com/threat-actors,breach-hq.com,Threat Actor Search,,"Provides a list of all known cyber threat actors also referred to as malicious actors, APT groups or hackers.",cti|threat-actor,guarded,False,True,False,False,False,283
dark-web-informer-9be2561d,Dark Web Informer,https://darkwebinformer.com/threat-actor-database/,darkwebinformer.com,Threat Actor Search,,Tracking 854 Threat Actors as of 29th of May 2025.,cti|threat-actor,guarded,False,False,True,False,False,284
etda-3f60874a,ETDA,https://apt.etda.or.th/cgi-bin/listgroups.cgi,apt.etda.or.th,Threat Actor Search,,Search for Threat Actor groups and their tools.,cti|threat-actor,guarded,False,False,False,False,False,285
fortiguard-labs-57bc95d8,FortiGuard Labs,https://www.fortiguard.com/threat-actor,fortiguard.com,Threat Actor Search,,"Powered by FortiGuard Labs, our Threat Actor Encyclopedia provides actionable insights, helping security teams prepare and streamline advanced threat hunting and response.",cti|threat-actor,guarded,False,False,False,False,False,286
knowledgenow-d96a4293,KNOWLEDGENOW,https://know.netenrich.com/content/track/threat-actor,know.netenrich.com,Threat Actor Search,,Trending Threats.,cti|threat-actor,guarded,False,False,False,False,False,287
lazarusholic-409ac9ee,lazarusholic,https://lazarus.day/actors/,lazarus.day,Threat Actor Search,,Total 203 threat actors.,cti|threat-actor,guarded,False,False,False,False,False,288
malpedia-02ede49d,Malpedia,https://malpedia.caad.fkie.fraunhofer.de/actors,malpedia.caad.fkie.fraunhofer.de,Threat Actor Search,,Get List of threat actor groups.,cti|threat-actor,guarded,False,False,False,False,False,289
misp-galaxy-7859c478,MISP Galaxy,https://www.misp-galaxy.org/360net/,misp-galaxy.org,Threat Actor Search,,Known or estimated adversary groups as identified by 360.net.,cti|threat-actor,guarded,False,False,False,False,False,290
openhunting-io-7a2019b5,OPENHUNTING.IO,https://openhunting.io/threat-library,openhunting.io,Threat Actor Search,,Threat Library Collecting Information.,cti|threat-actor,guarded,False,False,False,False,False,291
socradar-labs-327bf497,SOCRadar LABS,https://socradar.io/labs/threat-actor/,socradar.io,Threat Actor Search,,"Know threat actor tactics, techniques, and past activities. Access detailed profiles and track their activities.Keep up with the latest threats and Tactics, Techniques, and Procedures (TTPs).",cti|threat-actor,guarded,False,False,False,False,False,292
thales-f2bd2699,Thales,https://cds.thalesgroup.com/en/cyberthreat/attacks-page,cds.thalesgroup.com,Threat Actor Search,,Find Threat actor groups in a graphical attack explorer.,cti|threat-actor,guarded,False,False,False,False,False,293
threat-actor-usernames-scrape-91580d8f,Threat Actor Usernames Scrape,https://github.com/spmedia/Threat-Actor-Usernames-Scrape,github.com,Threat Actor Search,,A collection of fresh intel and 900k+ threat actor usernames scraped from various cybercrime sources & forums.,cti|open-source|threat-actor,guarded,True,False,False,False,False,294
bitdefender-threat-map-2871a338,Bitdefender Threat Map,https://threatmap.bitdefender.com/,threatmap.bitdefender.com,Live Cyber Threat Maps,,Cyberthreat Real Time Map by Bitdefender.,cti|mapping|threat-map,low,False,False,False,False,False,300
bunkerweb-live-cyber-attack-threat-map-d4a83d37,BunkerWeb Live Cyber Attack Threat Map,https://threatmap.bunkerweb.io/,threatmap.bunkerweb.io,Live Cyber Threat Maps,,"Live cyber attack blocked by BunkerWeb, the open source and next generation Web Application Firewall.",cti|mapping|open-source|threat-map,low,False,False,False,False,False,301
check-point-live-cyber-threat-map-a72418dd,Check Point Live Cyber Threat Map,https://threatmap.checkpoint.com/,threatmap.checkpoint.com,Live Cyber Threat Maps,,"Explore the top cyber threats of 2025, including ransomware, infostealers, and cloud vulnerabilities.",cti|cve|mapping|threat-map,restricted,False,True,False,True,False,302
cisco-talos-intelligence-754876ba,Cisco Talos Intelligence,https://talosintelligence.com/ebc_spam,talosintelligence.com,Live Cyber Threat Maps,,,cti|threat-map,low,False,False,False,False,False,303
fortiguard-labs-e1c73699,Fortiguard Labs,https://fortiguard.fortinet.com/threat-map,fortiguard.fortinet.com,Live Cyber Threat Maps,,"FortiGuard Outbreak Alerts provides key information about on-going cybersecurity attack with significant ramifications affecting numerous companies, organizations and industries.",cti|mapping|threat-map,low,False,False,False,False,False,304
hcl-threat-map-2c8320ec,HCL Threat Map,https://www.hcltech.com/hcl-threat-map,hcltech.com,Live Cyber Threat Maps,,Cyber Threat Map by HCLTech.,cti|mapping|threat-map,low,False,False,False,False,False,305
ibm-x-force-exchange-current-malicious-activity-74b9e214,IBM X-Force Exchange Current Malicious Activity,https://exchange.xforce.ibmcloud.com/activity/map,exchange.xforce.ibmcloud.com,Live Cyber Threat Maps,,,cti|mapping|threat-map,low,False,False,False,False,False,306
imperva-live-threat-map-e5faf8f6,Imperva Live Threat Map,https://www.imperva.com/cyber-threat-attack-map/,imperva.com,Live Cyber Threat Maps,,"A real-time global view of DDoS attacks, hacking attempts, and bot assaults mitigated by Imperva security services.",cti|mapping|threat-map,low,False,False,False,False,False,307
kaspersky-cyberthreat-live-map-5a2e25ae,Kaspersky Cyberthreat live Map,https://cybermap.kaspersky.com/,cybermap.kaspersky.com,Live Cyber Threat Maps,,Find out if you are under cyber-attack here.,cti|mapping|threat-map,low,False,False,False,False,False,308
lionic-cyber-threat-map-645f3004,LIONIC Cyber Threat Map,https://www.lionic.com/monitoring/,lionic.com,Live Cyber Threat Maps,,,cti|mapping|threat-map,low,False,False,False,False,False,309
netscout-cyber-threat-map-573ee8a2,NETSCOUT Cyber Threat Map,https://horizon.netscout.com/,horizon.netscout.com,Live Cyber Threat Maps,,Real-Time DDoS Attack Map,cti|mapping|threat-map,low,False,False,False,False,False,310
radware-live-cyber-threat-map-789c610f,Radware Live Cyber Threat Map,https://livethreatmap.radware.com/,livethreatmap.radware.com,Live Cyber Threat Maps,,"Radware's Live Threat Map presents near real-time information about cyberattacks as they occur, based on our global threat deception network.",cti|mapping|threat-map,low,False,False,False,False,False,311
secure-gateway-live-cyber-threat-map-c4dd951a,Secure Gateway Live Cyber Threat Map,https://securegateway.com/map/v5/,securegateway.com,Live Cyber Threat Maps,,,cti|mapping|threat-map,low,False,False,False,False,False,312
thale-s-cyberthreat-map-c21735b2,Thale's Cyberthreat Map,https://cds.thalesgroup.com/en/cyberthreat/hitmap,cds.thalesgroup.com,Live Cyber Threat Maps,,"Discover cybersecurity trends with Thales' Cyberthreat map. Explore targeted areas, frequent attacks, affected sectors, and prevalent malware.",cti|malware|mapping|threat-map,guarded,False,False,False,True,False,313
threatseye-live-cyber-threat-map-5aa66b68,ThreatsEye | Live Cyber Threat Map,https://threatseye.io/threats-map,threatseye.io,Live Cyber Threat Maps,,"Real-time visualization of global cyber attacks and threats. Monitor live cyber security incidents, attack origins, targets, and threat categories worldwide.",cti|mapping|threat-map,low,False,False,False,False,False,314
world-monitor-tech-0ab9c642,World Monitor Tech,https://tech.worldmonitor.app,tech.worldmonitor.app,Live Cyber Threat Maps,,"Live cyber threat intelligence dashboard combining CISA advisories, active malware campaigns, CVE feeds, and global cyber event heatmaps alongside geopolitical and military context.",cti|cve|malware|rss|threat-map,guarded,False,False,False,True,False,315
zscaler-global-threat-map-dashboard-905392f0,Zscaler Global Threat Map Dashboard,https://threatlabz.zscaler.com/cloud-insights/threat-map-dashboard,threatlabz.zscaler.com,Live Cyber Threat Maps,,"Illustrates those we've seen in the past 24 hours, consisting of threats detected by our antivirus engines, malware and advanced persistent threats.",cti|malware|mapping|threat-map,guarded,False,False,False,True,False,316
eyedex-3670a175,eyedex,https://www.eyedex.org/,eyedex.org,File Search,,Open directory search engine.,file-search|open-directories,low,False,False,False,False,False,323
de-digger-ea339f64,de digger,https://www.dedigger.com/,dedigger.com,File Search,,is a website that allows you to find any types of files that are publicly available in a Google Drive.,file-search|open-directories,low,False,False,False,False,False,324
filesec-io-b523ba21,Filesec.io,https://filesec.io/,filesec.io,File Search,,"Central resource cataloging malicious file extensions, their risks, OS and mitigations.",file-search|open-directories,low,False,False,False,False,False,325
find-security-contacts-3b9c24fc,Find Security Contacts,https://findsecuritycontacts.com,findsecuritycontacts.com,File Search,,"Public index listing security contacts (emails, policies, etc.) extracted from domains security.txt files.",file-search|open-directories,guarded,True,False,False,False,False,326
meawfy-342b8337,Meawfy,https://meawfy.com/,meawfy.com,File Search,,Advanced Mega.nz File Search Engine. Search and discover files from Mega.nz with our intelligent crawler technology. Access over 9 million indexed files instantly.,file-search|open-directories,low,False,False,False,False,False,327
napalm-ftp-indexer-935e32a1,NAPALM FTP Indexer,https://www.searchftps.net/,searchftps.net,File Search,,,file-search|open-directories,low,False,False,False,False,False,328
odcrawler-6e21ee56,ODCrawler,https://odcrawler.xyz/,odcrawler.xyz,File Search,,A search engine for open directories. Find millions of publicly available files!,file-search|open-directories,low,False,False,False,False,False,329
searchfiles-de-20abd058,SearchFiles.de,https://searchfiles.de/,searchfiles.de,File Search,,,file-search|open-directories,low,False,False,False,False,False,330
beanpaste-753479c6,BeanPaste,https://beanpaste.fun/,beanpaste.fun,Pastebins,,A tiny way to share text.,high-risk|paste-sites,guarded,False,False,False,False,False,336
bpaste-f7814eca,bpaste,https://bpa.st/,bpa.st,Pastebins,,"Welcome to bpaste, this site is a pastebin. It allows you to share code with others.",high-risk|paste-sites,guarded,False,False,False,False,False,337
centos-pastebin-service-c753ba49,CentOS Pastebin Service,https://paste.centos.org/,paste.centos.org,Pastebins,,"Stikked is an Open-Source PHP Pastebin, with the aim of keeping a simple and easy to use user interface.",high-risk|open-source|paste-sites,guarded,True,False,False,False,False,338
cl1p-299d8516,cl1p,https://Cl1p.net,cl1p.net,Pastebins,,The Internet Clipboard.,high-risk|paste-sites,guarded,False,False,False,False,False,339
commie-a29a681d,commie,https://commie.io/,commie.io,Pastebins,,commie is a pastebin script with line commenting support.,high-risk|paste-sites,guarded,False,False,False,False,False,340
context-d603376b,Context,https://ctxt.io/,ctxt.io,Pastebins,,Share whatever you see with others in seconds.,high-risk|paste-sites,guarded,False,False,False,False,False,341
controlc-pastebin-4d07793f,ControlC Pastebin,https://Controlc.com,controlc.com,Pastebins,,The easiest way to host your text.,high-risk|paste-sites,guarded,False,False,False,False,False,342
cutapaste-6c041247,Cutapaste,https://cutapaste.net/,cutapaste.net,Pastebins,,Short Code and Share.,high-risk|paste-sites,guarded,False,False,False,False,False,343
defuse-27b48060,Defuse,https://defuse.ca/pastebin.htm,defuse.ca,Pastebins,,Encrypted Pastebin - Keep your data private and secure!,high-risk|paste-sites,guarded,False,False,False,False,False,344
doxbin-a07f02e0,doxbin,https://doxbin.net/,doxbin.net,Pastebins,,A dox style pastebin ran by hackers.,high-risk|paste-sites,restricted,False,False,False,False,False,345
dpaste-c87dd347,dpaste,https://Dpaste.com,dpaste.com,Pastebins,,,high-risk|paste-sites,guarded,False,False,False,False,False,346
etusivu-785bfb66,Etusivu,https://pastebin.fi/,pastebin.fi,Pastebins,,It's an open source clone of pastebin.com. Default Language is Finnish.,high-risk|open-source|paste-sites,guarded,False,False,False,False,False,347
friendpaste-837354ca,Friendpaste,https://friendpaste.com/,friendpaste.com,Pastebins,,Paste stuff to your friends.,high-risk|paste-sites,guarded,False,False,False,False,False,348
github-gist-abe65c85,GitHub gist,https://gist.github.com,gist.github.com,Pastebins,,,high-risk|open-source|paste-sites,guarded,False,False,False,False,False,349
hashbin-0dcc9436,HashBin,https://hashb.in/#Q===,hashb.in,Pastebins,,HashBin is a paste bin that never sees the contents of its pastes.,high-risk|paste-sites,guarded,False,False,False,False,False,350
hastebin-9b2d06d6,hastebin,https://www.toptal.com/developers/hastebin/,toptal.com,Pastebins,,,high-risk|paste-sites,guarded,False,False,False,False,False,351
ideone-5b38f9f4,ideone,https://Ideone.com,ideone.com,Pastebins,,,high-risk|paste-sites,guarded,False,False,False,False,False,352
ivpaste-a0273614,ivpaste,https://Ivpaste.com,ivpaste.com,Pastebins,,,high-risk|paste-sites,guarded,False,False,False,False,False,353
jsbin-9b3a6e96,jsbin,https://Jsbin.com,jsbin.com,Pastebins,,,high-risk|paste-sites,guarded,False,False,False,False,False,354
justpaste-e7e86ccb,justpaste,https://Justpaste.it,justpaste.it,Pastebins,,,high-risk|paste-sites,guarded,False,False,False,False,False,355
katbin-50c9ef0b,Katbin,https://katb.in,katb.in,Pastebins,,"Small, lightweight pastebin.",high-risk|paste-sites,guarded,False,False,False,False,False,356
linkode-alpha-8d24e8bf,Linkode(alpha),https://linkode.org/,linkode.org,Pastebins,,Linkode is the useful pastebin!,high-risk|paste-sites,guarded,False,False,False,False,False,357
logpasta-ad0fd648,Logpasta,https://logpasta.com/,logpasta.com,Pastebins,,"Simple, secure log paste service. Command line mode based.",cli|high-risk|paste-sites,guarded,False,False,False,False,False,358
lesma-eu-81149d16,lesma.eu,https://lesma.eu/,lesma.eu,Pastebins,,Simple paste app friendly with browser and command line.,cli|high-risk|paste-sites,guarded,False,False,False,False,False,359
nachricht-9c142a85,Nachricht,https://nachricht.co/,nachricht.co,Pastebins,,"With Nachricht.co you can send self-destructive and encrypted one-way messages over the Internet. You don't even need to miss out the messenger or social network of your choice. We are an independent, secure and fully free service!",free|high-risk|paste-sites,guarded,False,False,False,False,False,360
nopaste-08523334,NoPaste,https://nopaste.boris.sh/,nopaste.boris.sh,Pastebins,,"NoPaste is an open-source website similar to Pastebin where you can store any piece of code, and generate links for easy sharing.",high-risk|open-source|paste-sites,guarded,False,False,False,False,False,361
nopaste-net-7a82d6f3,nopaste.net,https://nopaste.net/,nopaste.net,Pastebins,,"nopaste.net is a temporary file host, nopaste and clipboard across machines. You can upload files or text and share the link with others.",high-risk|paste-sites,guarded,False,False,False,False,False,362
notes-ab550792,Notes,https://notes.io/,notes.io,Pastebins,,fast.easy.short.,high-risk|paste-sites,guarded,False,False,False,False,False,363
nekobin-fd817014,nekobin,https://nekobin.com/,nekobin.com,Pastebins,,"Paste code, save and share the link!",high-risk|paste-sites,guarded,False,False,False,False,False,364
new-paste-c4b6aede,New Paste,https://paste1.com/,paste1.com,Pastebins,,I wanna paste because typing is so boring!,high-risk|paste-sites,guarded,False,False,False,False,False,365
n0paste-94338e36,n0paste,https://n0paste.eu/,n0paste.eu,Pastebins,,Paste and share your code online.,high-risk|paste-sites,guarded,False,False,False,False,False,366
paaster-0be8bb3c,paaster,https://paaster.io/,paaster.io,Pastebins,,"Paaster is a secure and user-friendly pastebin application that prioritizes privacy and simplicity. With end-to-end encryption and paste history, Paaster ensures that your pasted code remains confidential and accessible.",high-risk|paste-sites,guarded,False,False,False,False,False,367
pastebin-cz-380be8bf,Pastebin.cz,https://www.pastebin.cz/en/,pastebin.cz,Pastebins,,A simple Pastebin.,high-risk|paste-sites,guarded,False,False,False,False,False,368
paste-cash-c337f620,Paste.Cash,https://www.paste.cash/,paste.cash,Pastebins,,Paste.CASH Is a privacy respected and encrypted pastebin hosted by Cash Hosting. Every paste are encrypted using 256 bits AES.,high-risk|paste-sites,guarded,False,False,False,False,False,369
paste-centos-bc7216d9,paste.centos,https://paste.centos.org,paste.centos.org,Pastebins,,,high-risk|paste-sites,guarded,False,False,False,False,False,370
paste-debian-f8ad317c,paste.debian,https://Paste.debian.net,paste.debian.net,Pastebins,,,high-risk|paste-sites,guarded,False,False,False,False,False,371
paste-in-ua-3e930518,paste.in.ua,https://paste.in.ua/,paste.in.ua,Pastebins,,Simple pastebin.,high-risk|paste-sites,guarded,False,False,False,False,False,372
paste-kde-e1c79d12,paste.kde,https://Paste.kde.org,paste.kde.org,Pastebins,,,high-risk|paste-sites,guarded,False,False,False,False,False,373
paste-monster-9dfeb52e,Paste.Monster,https://paste.monster/,paste.monster,Pastebins,,Share your thoughts online. API Available.,api|high-risk|paste-sites,guarded,False,False,False,False,False,374
paste-ubuntu-c4007b94,paste.ubuntu,https://paste.ubuntu.com,paste.ubuntu.com,Pastebins,,,high-risk|paste-sites,guarded,False,False,False,False,False,375
paste-quest-540cb3ab,Paste.Quest,https://pastequest.com/,pastequest.com,Pastebins,,Copy and Paste text online to share with anyone anywhere. Use the password option to add a password to the pasted information.,high-risk|paste-sites,guarded,False,True,False,False,False,376
pastery-9ac9c22a,Pastery,https://www.pastery.net/,pastery.net,Pastebins,,The sweetest pastebin in the world!,high-risk|paste-sites,guarded,False,False,False,False,False,377
pastesite-net-04a74094,PasteSite.Net,https://pastesite.net/,pastesite.net,Pastebins,,The new generation pastebin.,high-risk|paste-sites,guarded,False,False,False,False,False,378
paste-sh-af2cfbf2,paste.sh,https://paste.sh/,paste.sh,Pastebins,,This is an encrypted paste site. Simply type or paste code here and share the URL. Saving is Automatic.,high-risk|paste-sites,guarded,False,False,False,False,False,379
pasteshr-498a4553,PasteShr,https://www.pasteshr.com/,pasteshr.com,Pastebins,,Store any text online for easy sharing. Search option available!,high-risk|paste-sites,guarded,False,False,False,False,False,380
rentry-ff244660,Rentry,https://rentry.co/,rentry.co,Pastebins,,"Rentry.co is a markdown paste service service with preview, custom urls and editing. Fast, simple and free.",free|high-risk|paste-sites,guarded,False,False,False,False,False,381
safenote-5d901f94,SafeNote,https://safenote.co/,safenote.co,Pastebins,,SafeNote is a free web-based service that allows you to share a note or a file with confidentiality. There is no way to spying on you even to a hacker.,free|high-risk|paste-sites,guarded,False,False,False,False,False,382
scrt-link-66094a16,scrt.link,https://scrt.link/,scrt.link,Pastebins,,Share a Secret with a link that only works one time and then self-destructs.,high-risk|paste-sites,guarded,False,False,False,False,False,383
snippet-host-c92c6ce6,snippet.host,https://snippet.host/,snippet.host,Pastebins,,Minimal text and code snippet hosting.,high-risk|paste-sites,guarded,False,False,False,False,False,384
spacebin-7df5cfda,Spacebin,https://spaceb.in/,spaceb.in,Pastebins,,"Spacebin is a modern Pastebin server implemented in Go and is capable of serving notes, novels, code, or any other form of text.",high-risk|paste-sites,guarded,False,False,False,False,False,385
textbin-2b413e50,TextBin,https://textbin.net/,textbin.net,Pastebins,,Secure pastebin where you can paste and store any type of text or code snippets online and share it with your friends.,high-risk|paste-sites,guarded,False,False,False,False,False,386
textbin-code-098336e2,Textbin-Code,https://textbin.online/,textbin.online,Pastebins,,SECURE YOUR CODE!,high-risk|paste-sites,guarded,False,False,False,False,False,387
tutpaste-45f669ef,TutPaste,https://tutpaste.com/,tutpaste.com,Pastebins,,"Welcome to our fast and free online paste tool. Paste and share your text or code snippets with anyone, anywhere, no registration required.",free|high-risk|paste-sites|registration,guarded,False,False,False,False,False,388
vaultbin-6035ce1d,vaultbin,https://vaultb.in/,vaultb.in,Pastebins,,Vaultbin is a blazingly fast and secure alternative to Pastebin and Hastebin.,high-risk|paste-sites,guarded,False,False,False,False,False,389
verybin-3eaa6b2e,Verybin,https://www.verybin.com/,verybin.com,Pastebins,,Anonymous and encrypted pastebin. Data is encrypted/decrypted in the browser using 256 bits AES and no IP address logged.,high-risk|paste-sites,guarded,False,False,False,False,False,390
write-as-089877b6,Write.as,https://write.as/,write.as,Pastebins,,"Type words, put them on the internet.",high-risk|paste-sites,guarded,False,False,False,False,False,391
zbin-56a49596,ZBin,https://zbin.dev/,zbin.dev,Pastebins,,Private & Secure Pastebin.,high-risk|paste-sites,guarded,False,False,False,False,False,392
zerobin-d242ed05,ZeroBin,https://sebsauvage.net/paste/,sebsauvage.net,Pastebins,,"ZeroBin is a minimalist, opensource online pastebin where the server has zero knowledge of pasted data. Data is encrypted/decrypted in the browser using 256 bits AES.",high-risk|paste-sites,guarded,False,False,False,False,False,393
analyzeid-ba34bb2f,AnalyzeID,https://analyzeid.com/,analyzeid.com,Code Search,,Find Other Websites Owned By The Same Person,code-search|repositories,low,False,False,False,False,False,400
code-finder-90c09474,Code Finder,https://codefinder.dev/,codefinder.dev,Code Search,,The ultimate search engine for finding GitHub repositories,code-search|repositories,low,False,False,False,False,False,401
github-code-search-83e487fa,GitHub Code Search,https://github.com/search?type=code,github.com,Code Search,,GitHub's enhanced code search with advanced filtering.,code-search|open-source|repositories,low,False,False,False,False,False,402
grep-app-e366443f,grep.app,https://grep.app/,grep.app,Code Search,,Searches code from the entire github public repositories for a given specific string or using regular expression.,code-search|repositories,low,False,False,False,False,False,403
nerdydata-ab08938e,NerdyData,https://nerdydata.com,nerdydata.com,Code Search,,Search engine for source code.,code-search|repositories,low,False,False,False,False,False,404
publicwww-75f752f6,PublicWWW,https://publicwww.com/,publicwww.com,Code Search,,,code-search|repositories,low,False,False,False,False,False,405
reposearch-76af6f92,Reposearch,http://codefinder.org/,codefinder.org,Code Search,,,code-search|repositories,low,False,False,False,False,False,406
searchcode-ec9a0dba,SearchCode,https://searchcode.com,searchcode.com,Code Search,,"Help find real world examples of functions, API's and libraries across 10+ sources.",api|code-search|repositories,low,False,False,False,False,False,407
sourcebot-c28774f6,Sourcebot,https://www.sourcebot.dev/,sourcebot.dev,Code Search,,"Index thousands of repos on your machine and search through them in a fast, powerful, and modern web interface.",code-search|repositories,guarded,True,False,False,False,True,408
sourcegraph-00881272,SourceGraph,https://sourcegraph.com/search,sourcegraph.com,Code Search,,Search code from millions of open source repositories.,code-search|open-source|repositories,low,False,False,False,False,False,409
bluesky-bb5b5035,Bluesky,https://bsky.app,bsky.app,Major Social Networks,,Decentralized social network built on the AT Protocol.,social-media,guarded,False,False,False,False,False,413
draugiem-latvia-1dd99094,Draugiem (Latvia),https://www.draugiem.lv,draugiem.lv,Major Social Networks,,,social-media,guarded,False,False,False,False,False,414
facebook-c8391396,Facebook,http://www.facebook.com,facebook.com,Major Social Networks,,,social-media,guarded,True,False,False,False,False,415
instagram-8a32004c,Instagram,https://www.instagram.com,instagram.com,Major Social Networks,,,social-media,guarded,False,False,False,False,False,416
linkedin-eb1f368d,Linkedin,https://www.linkedin.com,linkedin.com,Major Social Networks,,,social-media,guarded,False,False,False,False,False,417
mixi-japan-5969ccfc,Mixi (Japan),https://mixi.jp,mixi.jp,Major Social Networks,,,social-media,guarded,False,False,False,False,False,418
odnoklassniki-russia-c4566d2b,Odnoklassniki (Russia),http://ok.ru,ok.ru,Major Social Networks,,,social-media,guarded,False,False,False,False,False,419
pinterest-02b9c50b,Pinterest,http://www.pinterest.com,pinterest.com,Major Social Networks,,"is an image sharing social media service used to easly discover, share and save ideas using visual representation.",social-media,guarded,False,False,False,False,False,420
qzone-china-f2367db7,Qzone (China),http://qzone.qq.com,qzone.qq.com,Major Social Networks,,,social-media,guarded,False,False,False,False,False,421
reddit-c34ca405,Reddit,https://www.reddit.com,reddit.com,Major Social Networks,,,social-media,guarded,False,False,False,False,False,422
taringa-latin-america-353e2329,Taringa (Latin America),http://www.taringa.net,taringa.net,Major Social Networks,,,social-media,guarded,False,False,False,False,False,423
threads-5ddd0960,Threads,https://www.threads.net,threads.net,Major Social Networks,,Text-based conversation app from Meta.,social-media,guarded,False,False,False,False,False,424
tinder-fe9916b3,Tinder,https://www.gotinder.com,gotinder.com,Major Social Networks,,,social-media,guarded,False,False,False,False,False,425
tumblr-d4bf1659,Tumblr,https://www.tumblr.com,tumblr.com,Major Social Networks,,,social-media,guarded,False,False,False,False,False,426
twitter-0e821f5e,Twitter,https://twitter.com,twitter.com,Major Social Networks,,,social-media,guarded,False,False,False,False,False,427
weibo-china-abe58cdf,Weibo (China),http://weibo.com,weibo.com,Major Social Networks,,,social-media,guarded,False,False,False,False,False,428
vkontakte-1b8e6276,VKontakte,https://vk.com,vk.com,Major Social Networks,,,social-media,guarded,False,False,False,False,False,429
xing-621c45b4,Xing,https://www.xing.com,xing.com,Major Social Networks,,,social-media,guarded,False,False,False,False,False,430
audiense-0a2fe9ce,Audiense,https://www.audiense.com,audiense.com,"Real-Time Search, Social Media Search, and General Social Media Tools",,"Tool to identify relevant audience, discover actionable insights and inform strategies to grow your business.",realtime-search|social-media,guarded,False,False,False,False,False,434
bottlenose-d37dbc5a,Bottlenose,http://bottlenose.com,bottlenose.com,"Real-Time Search, Social Media Search, and General Social Media Tools",,,realtime-search|social-media,guarded,False,False,False,False,False,435
brandwatch-f0608b1d,Brandwatch,https://www.brandwatch.com,brandwatch.com,"Real-Time Search, Social Media Search, and General Social Media Tools",,,realtime-search|social-media,guarded,False,False,False,False,False,436
buffer-a8193030,Buffer,https://buffer.com,buffer.com,"Real-Time Search, Social Media Search, and General Social Media Tools",,,realtime-search|social-media,guarded,False,False,False,False,False,437
buzz-sumo-8669919a,Buzz sumo,http://buzzsumo.com,buzzsumo.com,"Real-Time Search, Social Media Search, and General Social Media Tools",,"""Use our content insights to generate ideas, create high-performing content, monitor your performance and identify influencers.""",realtime-search|social-media,guarded,False,False,False,False,False,438
castrick-ed46c208,Castrick,https://castrickclues.com,castrickclues.com,"Real-Time Search, Social Media Search, and General Social Media Tools",,"Find social media accounts with email, username and phone number",realtime-search|social-media,guarded,True,False,False,False,False,439
epieos-11e14d57,Epieos,https://epieos.com,epieos.com,"Real-Time Search, Social Media Search, and General Social Media Tools",,Search for social accounts with e-mail and phone,realtime-search|social-media,guarded,True,False,False,False,False,440
geocreepy-3df69882,Geocreepy,http://www.geocreepy.com,geocreepy.com,"Real-Time Search, Social Media Search, and General Social Media Tools",,,realtime-search|social-media,guarded,False,False,False,False,False,441
hootsuite-66705b35,Hootsuite,http://hootsuite.com,hootsuite.com,"Real-Time Search, Social Media Search, and General Social Media Tools",,,realtime-search|social-media,guarded,False,False,False,False,False,442
idcrawl-583fdf77,IDCrawl,https://www.idcrawl.com/,idcrawl.com,"Real-Time Search, Social Media Search, and General Social Media Tools",,Search for a name in popular social networks.,realtime-search|social-media,guarded,False,False,False,False,False,443
klear-aa15b1d9,Klear,http://klear.com,klear.com,"Real-Time Search, Social Media Search, and General Social Media Tools",,,realtime-search|social-media,guarded,False,False,False,False,False,444
kribrum-15ad1b51,Kribrum,https://kribrum.io/,kribrum.io,"Real-Time Search, Social Media Search, and General Social Media Tools",,,realtime-search|social-media,guarded,False,False,False,False,False,445
mail-ru-social-network-search-fe4fff10,Mail.Ru Social Network Search,https://go.mail.ru/search_social,go.mail.ru,"Real-Time Search, Social Media Search, and General Social Media Tools",,,realtime-search|social-media,guarded,False,False,False,False,False,446
mustbepresent-31d34efe,MustBePresent,http://mustbepresent.com,mustbepresent.com,"Real-Time Search, Social Media Search, and General Social Media Tools",,,realtime-search|social-media,guarded,False,False,False,False,False,447
netvibes-52ce5b45,Netvibes,http://www.netvibes.com,netvibes.com,"Real-Time Search, Social Media Search, and General Social Media Tools",,,realtime-search|social-media,guarded,False,False,False,False,False,448
oblivion-7da9e173,Oblivion,https://github.com/loseys/Oblivion,github.com,"Real-Time Search, Social Media Search, and General Social Media Tools",,,open-source|realtime-search|social-media,guarded,False,False,False,False,False,449
opinioncrawl-17177745,OpinionCrawl,http://www.opinioncrawl.com,opinioncrawl.com,"Real-Time Search, Social Media Search, and General Social Media Tools",,,realtime-search|social-media,guarded,False,False,False,False,False,450
osintnova-a9f37532,OSINTNova,https://app.osintnova.com/,app.osintnova.com,"Real-Time Search, Social Media Search, and General Social Media Tools",,AI-powered OSINT platform for advanced digital investigations and intelligence analysis,realtime-search|social-media,guarded,False,False,False,False,False,451
predicta-search-183fb471,Predicta Search,https://predictasearch.com,predictasearch.com,"Real-Time Search, Social Media Search, and General Social Media Tools",,Search for social accounts with e-mail and phone,realtime-search|social-media,guarded,True,False,False,False,False,452
rival-iq-cc70ffc5,Rival IQ,https://www.rivaliq.com,rivaliq.com,"Real-Time Search, Social Media Search, and General Social Media Tools",,,realtime-search|social-media,guarded,False,False,False,False,False,453
social-downornot-76fc1ee1,Social DownORNot,http://social.downornot.com,social.downornot.com,"Real-Time Search, Social Media Search, and General Social Media Tools",,,realtime-search|social-media,guarded,False,False,False,False,False,454
social-searcher-dba99c0d,Social Searcher,http://www.social-searcher.com,social-searcher.com,"Real-Time Search, Social Media Search, and General Social Media Tools",,,realtime-search|social-media,guarded,False,False,False,False,False,455
socialbakers-386cb9a4,SocialBakers,http://www.socialbakers.com,socialbakers.com,"Real-Time Search, Social Media Search, and General Social Media Tools",,,realtime-search|social-media,guarded,False,False,False,False,False,456
socialblade-6cdd6220,SocialBlade,http://socialblade.com,socialblade.com,"Real-Time Search, Social Media Search, and General Social Media Tools",,,realtime-search|social-media,guarded,False,False,False,False,False,457
tagboard-3cd80ef6,Tagboard,https://tagboard.com,tagboard.com,"Real-Time Search, Social Media Search, and General Social Media Tools",,,realtime-search|social-media,guarded,False,False,False,False,False,458
uvrx-591f9688,UVRX,http://www.uvrx.com/social.html,uvrx.com,"Real-Time Search, Social Media Search, and General Social Media Tools",,,realtime-search|social-media,guarded,False,False,False,False,False,459
watools-dbf6db72,WATools,https://watools.io/,watools.io,"Real-Time Search, Social Media Search, and General Social Media Tools",,,realtime-search|social-media,guarded,False,False,False,False,False,460
exportdata-cb50a003,ExportData,https://www.exportdata.io/,exportdata.io,Social Media Tools,Twitter,"Data export tool for historical tweets, followers & followings and historical trends.",archive|social-media|twitter,guarded,False,False,False,False,False,466
foller-me-57f42803,Foller.me,http://foller.me,foller.me,Social Media Tools,Twitter,,social-media|twitter,guarded,False,False,False,False,False,467
mytweetalerts-fe6ec8dc,MyTweetAlerts,https://www.mytweetalerts.com/,mytweetalerts.com,Social Media Tools,Twitter,A tool to create custom email alerts based on Twitter search.,social-media|twitter,guarded,True,False,False,False,False,468
onemilliontweetmap-73c1b101,OneMillionTweetMap,http://onemilliontweetmap.com,onemilliontweetmap.com,Social Media Tools,Twitter,,social-media|twitter,guarded,False,False,False,False,False,469
ritetag-63f9b45c,RiteTag,https://ritetag.com,ritetag.com,Social Media Tools,Twitter,,social-media|twitter,guarded,False,False,False,False,False,470
sentiment140-d37bc256,Sentiment140,http://www.twittersentiment.appspot.com,twittersentiment.appspot.com,Social Media Tools,Twitter,,social-media|twitter,guarded,False,False,False,False,False,471
tagdef-926f385a,Tagdef,https://tagdef.com,tagdef.com,Social Media Tools,Twitter,,social-media|twitter,guarded,False,False,False,False,False,472
trends24-13126352,Trends24,http://trends24.in,trends24.in,Social Media Tools,Twitter,,social-media|twitter,guarded,False,False,False,False,False,473
twchat-00040e35,TwChat,http://twchat.com,twchat.com,Social Media Tools,Twitter,,social-media|twitter,guarded,False,False,False,False,False,474
tweetmap-fbbb2e66,TweetMap,http://mapd.csail.mit.edu/tweetmap,mapd.csail.mit.edu,Social Media Tools,Twitter,,social-media|twitter,guarded,False,False,False,False,False,475
tweetmap-a541d40f,TweetMap,https://github.com/cga-harvard/Data_Science_Big_Data_Projects/tree/master/scripts/Geotweets,github.com,Social Media Tools,Twitter,,open-source|social-media|twitter,guarded,False,False,False,False,False,476
twitter-advanced-search-518e7b0c,Twitter Advanced Search,https://twitter.com/search-advanced?lang=en,twitter.com,Social Media Tools,Twitter,,social-media|twitter,guarded,False,False,False,False,False,477
twitter-audit-f7b5ec7b,Twitter Audit,https://www.twitteraudit.com,twitteraudit.com,Social Media Tools,Twitter,,social-media|twitter,guarded,False,False,False,False,False,478
twitter-chat-schedule-6fa93d38,Twitter Chat Schedule,http://tweetreports.com/twitter-chat-schedule,tweetreports.com,Social Media Tools,Twitter,,social-media|twitter,guarded,False,False,False,False,False,479
twitter-search-0c92526b,Twitter Search,http://search.twitter.com,search.twitter.com,Social Media Tools,Twitter,,social-media|twitter,guarded,False,False,False,False,False,480
xquik-9eb43966,Xquik,https://xquik.com,xquik.com,Social Media Tools,Twitter,"Real-time X (Twitter) data platform for tweet search, user lookup, follower/following extraction, engagement metrics, account monitoring, reply/retweet/quote extraction, community & Space data, and mutual follow checks.",social-media|twitter,guarded,False,False,False,False,False,481
facebook-friend-list-scraper-d5c00b8b,Facebook Friend List Scraper,https://github.com/narkopolo/fb_friend_list_scraper,github.com,Social Media Tools,Facebook,Tool for scraping large Facebook friend lists without being rate-limited.,facebook|open-source|social-media,guarded,True,False,False,False,False,485
facebook-search-b5e6b123,Facebook Search,http://search.fb.com/,search.fb.com,Social Media Tools,Facebook,,facebook|social-media,guarded,True,False,False,False,True,486
fanpage-karma-f6e663ba,Fanpage Karma,http://www.fanpagekarma.com,fanpagekarma.com,Social Media Tools,Facebook,,facebook|social-media,guarded,True,False,False,False,False,487
fb-sleep-stats-0ff79778,Fb-sleep-stats,https://github.com/sqren/fb-sleep-stats,github.com,Social Media Tools,Facebook,Use Facebook to track your friends’ sleeping habits.,facebook|open-source|social-media,guarded,True,False,False,False,False,488
find-my-facebook-id-1b071f2d,Find my Facebook ID,https://randomtools.io,randomtools.io,Social Media Tools,Facebook,"To find your Facebook personal numeric ID for facebook graph API operations, fb:admins, social plugins.",api|facebook|social-media,guarded,True,False,False,False,False,489
haveibeenzuckered-69479fac,haveibeenzuckered,https://haveibeenzuckered.com/,haveibeenzuckered.com,Social Media Tools,Facebook,"A large dataset containing 533 million Facebook accounts was made available for download. The data was obtained by exploiting a vulnerability that was, according to Facebook, corrected in August 2019. Check if a telephone number is present within the Facebook data breach.",cve|facebook|social-media,guarded,True,True,False,False,False,490
lookup-id-com-c837e07f,Lookup-ID.com,https://lookup-id.com,lookup-id.com,Social Media Tools,Facebook,Looking for your Facebook profile ID / Group ID / Page ID.,facebook|social-media,guarded,True,False,False,False,False,491
searchisback-0d01becd,SearchIsBack,https://searchisback.com,searchisback.com,Social Media Tools,Facebook,,facebook|social-media,guarded,True,False,False,False,True,492
wolfram-alpha-facebook-report-067b05bb,Wolfram Alpha Facebook Report,http://www.wolframalpha.com/input/?i=facebook+report,wolframalpha.com,Social Media Tools,Facebook,,facebook|social-media,guarded,True,False,False,False,False,493
dolphin-radar-b9215c48,Dolphin Radar,https://www.dolphinradar.com/web-viewer-for-instagram,dolphinradar.com,Social Media Tools,Instagram,"An Instagram Post Viewer lets you view posts, stories, and profiles from public accounts with ease. Free viewer limit: 1.",free|instagram|social-media,guarded,False,False,False,False,False,497
iconosquare-9d68575b,Iconosquare,http://iconosquare.com,iconosquare.com,Social Media Tools,Instagram,,instagram|social-media,guarded,False,False,False,False,False,498
instagram-monitor-67bb440b,instagram_monitor,https://github.com/misiektoja/instagram_monitor,github.com,Social Media Tools,Instagram,"Tool for real-time tracking of Instagram users' activities and profile changes with support for email alerts, CSV logging, showing media in the terminal, anonymous story downloads and more",instagram|open-source|social-media,guarded,True,False,False,False,False,499
instagramprivsniffer-840c679f,InstagramPrivSniffer,https://github.com/obitouka/InstagramPrivSniffer,github.com,Social Media Tools,Instagram,Views Instagram PRIVATE ACCOUNT'S media without login 😱.,instagram|open-source|social-media,guarded,False,False,False,False,False,500
insto-87d762ab,insto,https://github.com/subzeroid/insto,github.com,Social Media Tools,Instagram,"Interactive OSINT CLI / REPL with 35+ slash-commands: profile + media + followers + dossier + geo-fingerprint (`/where`), shared-followers intersection (`/intersect`), superfan ranking (`/fans`), location search (`/place`), URL→metadata resolution (`/postinfo`), posting-cadence histogram (`/timeline`), Maltego CSV export. Token-based (HikerAPI, no IG account needed → no ban risk) with optional logged-in `aiograpi` backend.",cli|exif|instagram|open-source|social-media,guarded,False,False,False,False,False,501
osintgram-bb5544f5,Osintgram,https://github.com/Datalux/Osintgram,github.com,Social Media Tools,Instagram,Osintgram offers an interactive shell to perform analysis on Instagram account of any users by its nickname.,instagram|open-source|social-media,guarded,False,False,False,False,False,502
osintgraph-2d1577fd,Osintgraph,https://github.com/XD-MHLOO/Osintgraph,github.com,Social Media Tools,Instagram,Tool that maps your target’s Instagram data and relationships in Neo4j for social network analysis.,instagram|open-source|social-media,guarded,False,False,False,False,False,503
toutatis-4c32b74f,Toutatis,https://github.com/megadose/toutatis,github.com,Social Media Tools,Instagram,"a tool that allows you to extract information from instagrams accounts such as s, phone numbers and more",instagram|open-source|social-media,guarded,True,False,False,False,False,504
tiktok-tools-696e8fcb,TikTok Tools,https://omar-thing.site,omar-thing.site,Social Media Tools,TikTok,"TikTok user finder, you can find any tiktok user region & info, watch stories, reposts, highlights, and other tools for tiktok",social-media|tiktok,guarded,False,False,False,False,False,507
tiktokstalker-495f6740,TikTokStalker,https://tiktok.einzzcookie.org,tiktok.einzzcookie.org,Social Media Tools,TikTok,Lookup much info about TikTok stuff,social-media|tiktok,guarded,False,False,False,False,False,508
pingroupie-46da74e8,Pingroupie,http://pingroupie.com,pingroupie.com,Social Media Tools,Pinterest,,pinterest|social-media,guarded,False,False,False,False,False,512
pinterest-pin-stats-2d1f06db,Pinterest Pin Stats,https://chromewebstore.google.com/detail/pinterest-pin-stats-sort/mcmkeopcpbfgjlakblglpcccpodbjkel,chromewebstore.google.com,Social Media Tools,Pinterest,Display hidden Pinterest stats for each pin.,pinterest|social-media,guarded,False,False,False,False,False,513
arctic-shift-c6a94317,Arctic Shift,https://github.com/ArthurHeitmann/arctic_shift,github.com,Social Media Tools,Reddit,"A tool for accessing and interacting with large dumps of Reddit data, offering an API and web interface for research and moderation purposes.",api|open-source|reddit|social-media,guarded,True,False,False,False,False,519
imgur-759cad7a,Imgur,http://imgur.com/search?q=,imgur.com,Social Media Tools,Reddit,The most popular image hosting website used by redditors.,reddit|social-media,guarded,False,False,False,False,False,520
mostly-harmless-caf54b3f,Mostly Harmless,http://kerrick.github.io/Mostly-Harmless/#features,kerrick.github.io,Social Media Tools,Reddit,Mostly Harmless looks up the page you are currently viewing to see if it has been submitted to reddit.,reddit|social-media,guarded,False,False,False,False,False,521
pushshift-api-4d9aa3ed,Pushshift API,https://pushshift.io/,pushshift.io,Social Media Tools,Reddit,"A powerful API that provides access to historical Reddit data, including posts, comments, and metadata for analysis and research—more information [here](https://www.reddit.com/r/pushshift/).",api|archive|exif|reddit|social-media,guarded,False,False,False,False,False,522
pullpush-474dae04,Pullpush,https://pullpush.io/,pullpush.io,Social Media Tools,Reddit,PullPush is a service for the indexing and retrieval of content that Reddit users have submitted to Reddit. Helpful for finding deleted/removed posts & comments.,reddit|social-media,guarded,False,False,False,False,False,523
redarcs-348b559f,REDARCS,https://the-eye.eu/redarcs/,the-eye.eu,Social Media Tools,Reddit,Reddit archives 2005-2023.,archive|reddit|social-media,guarded,False,False,False,False,False,524
reddit-archive-5640a494,Reddit Archive,http://www.redditarchive.com,redditarchive.com,Social Media Tools,Reddit,Historical archives of reddit posts.,archive|reddit|social-media,guarded,False,False,False,False,False,525
reddit-suite-bcd527da,Reddit Suite,https://chrome.google.com/webstore/detail/reddit-enhancement-suite/kbmfpngjjgdllneeigpgjifpgocmfgmb,chrome.google.com,Social Media Tools,Reddit,Enhances your reddit experience.,reddit|social-media,guarded,False,False,False,False,False,526
reddit-user-analyser-b9147191,Reddit User Analyser,https://atomiks.github.io/reddit-user-analyser/,atomiks.github.io,Social Media Tools,Reddit,reddit user account analyzer.,reddit|social-media,guarded,False,False,False,False,False,527
redditmetis-5737f951,RedditMetis,https://redditmetis.com/,redditmetis.com,Social Media Tools,Reddit,"RedditMetis is a Reddit user analysis tool to see the summary and statistics for a Reddit account, including top posts and user activity etc.",reddit|social-media,guarded,False,False,False,False,False,528
subreddits-3719355e,Subreddits,http://subreddits.org,subreddits.org,Social Media Tools,Reddit,Discover new subreddits.,reddit|social-media,guarded,False,False,False,False,False,529
reddit-comment-search-f4bc07cc,Reddit Comment Search,https://redditcommentsearch.com/,redditcommentsearch.com,Social Media Tools,Reddit,Analyze a reddit users by comment history.,reddit|social-media,guarded,False,False,False,False,False,530
universal-scammer-list-a057b52f,Universal Scammer List,https://universalscammerlist.com/,universalscammerlist.com,Social Media Tools,Reddit,"This acts as the website-portion for the subreddit /r/universalscammerlist. That subreddit, in conjuction with this website and a reddit bot, manages a list of malicious reddit accounts and minimizes the damage they can deal. This list is referred to as the ""USL"" for short.",reddit|social-media,guarded,False,False,False,False,False,531
reddit-comment-lookup-e9182f4b,Reddit Comment Lookup,https://randomtools.io/reddit-comment-search/,randomtools.io,Social Media Tools,Reddit,Search for reddit comments by reddit username.,reddit|social-media,guarded,True,False,False,False,False,532
tool-dde61bff,Дезертир,http://vk.com/app3046467,vk.com,Social Media Tools,VKontakte,,social-media|vkontakte,guarded,False,False,False,False,False,539
barkov-net-ff4967c6,Barkov.net,http://vk.barkov.net,vk.barkov.net,Social Media Tools,VKontakte,,social-media|vkontakte,guarded,False,False,False,False,False,540
vk5-311cd85c,VK5,http://vk5.city4me.com,vk5.city4me.com,Social Media Tools,VKontakte,,social-media|vkontakte,guarded,False,False,False,False,False,541
vk-community-search-c63c9108,VK Community Search,http://vk.com/communities,vk.com,Social Media Tools,VKontakte,,social-media|vkontakte,guarded,False,False,False,False,False,542
vk-people-search-d6fe687d,VK People Search,http://vk.com/people,vk.com,Social Media Tools,VKontakte,,social-media|vkontakte,guarded,True,False,False,False,False,543
vk-watch-beff0d09,VK.watch,https://vk.watch/,vk.watch,Social Media Tools,VKontakte,,social-media|vkontakte,guarded,False,False,False,False,False,544
tumblr-search-f030efa9,Tumblr Search,http://www.tumblr.com/search,tumblr.com,Social Media Tools,Tumblr,,social-media|tumblr,guarded,False,False,False,False,False,554
the-endorser-79e04c46,the-endorser,https://github.com/eth0izzle/the-endorser,github.com,Social Media Tools,LinkedIn,Tool that allows you to draw out relationships between people on LinkedIn via endorsements/skills.,linkedin|open-source|social-media,guarded,True,False,False,False,False,558
linkedindumper-ac5edbd9,LinkedInDumper,https://github.com/l4rm4nd/LinkedInDumper,github.com,Social Media Tools,LinkedIn,Script to dump/scrape/extract company employees info from LinkedIn API.,api|linkedin|open-source|social-media,guarded,False,False,False,False,False,559
cctv-61432807,CCTV,https://github.com/IvanGlinkin/CCTV,github.com,Social Media Tools,Telegram,"Close-Circuit Telegram Vision revolutionizes location tracking with its open-source design and Telegram API integration. Offering precise tracking within 50-100 meters, users can monitor others in real-time for logistics or safety, redefining how we navigate our surroundings.",api|open-source|social-media|telegram,guarded,False,False,False,False,False,563
groupda-4dcd746b,GroupDa,https://groupda.com/telegram/group/search,groupda.com,Social Media Tools,Telegram,"Can be used for Searching Telegram Channels. Search by Category, Countries and Language.",social-media|telegram,guarded,False,False,False,False,False,564
maltego-telegram-6a7ef805,Maltego Telegram,https://github.com/vognik/maltego-telegram,github.com,Social Media Tools,Telegram,Rich Set of Entities & Transforms for OSINT on Telegram with Maltego.,open-source|social-media|telegram,guarded,False,False,False,False,False,565
telegram-finder-07c4d592,Telegram Finder,https://www.telegram-finder.io/,telegram-finder.io,Social Media Tools,Telegram,"A tool to find Telegram users by their phone number, linkedin url or email.",social-media|telegram,guarded,True,False,False,False,False,566
telerecon-f149e4a9,Telerecon,https://github.com/sockysec/Telerecon,github.com,Social Media Tools,Telegram,A reconnaissance framework for researching and investigating Telegram.,open-source|social-media|telegram,guarded,False,False,False,False,False,567
tgramsearch-08c523c8,TgramSearch,https://tgramsearch.com/,tgramsearch.com,Social Media Tools,Telegram,"Convenient search for Telegram channels, as well as a structured catalog with over 700000 Telegram channels. Available in 8+ Languages.",social-media|telegram,guarded,False,False,False,False,False,568
tgworld-e27d24f7,tgworld,https://tg.world/,tg.world,Social Media Tools,Telegram,"The Global Search System TG.World will help you find Channels, Groups and Bots in Telegram in any language and for any country in the world!",social-media|telegram,guarded,False,False,False,False,False,569
telegram-channel-joiner-8bf9a62e,Telegram Channel Joiner,https://github.com/spmedia/Telegram-Channel-Joiner,github.com,Social Media Tools,Telegram,grow your Free and Premium Telegram accounts easily with this channel joiner script.,free|open-source|paid|social-media|telegram,guarded,False,False,False,False,False,570
telepahty-f4d069f6,Telepahty,https://github.com/proseltd/Telepathy-Community,github.com,Social Media Tools,Telegram,"Telepathy is a tool that archives Telegram chats and analyzes communication patterns within the app. By providing insights into user interactions, message frequency, and content trends, Telepathy helps investigators understand the dynamics and relationships within Telegram groups and channels.",archive|open-source|social-media|telegram,guarded,False,False,False,False,False,571
teleteg-a0d9beb4,Teleteg,https://teleteg.com/,teleteg.com,Social Media Tools,Telegram,The ultimate Telegram search engine. 10 results for free plan.,free|social-media|telegram,guarded,False,False,False,False,False,572
telegago-d420afb7,Telegago,https://cse.google.com/cse?q=+&cx=006368593537057042503:efxu7xprihg#gsc.tab=0&gsc.q=%20&gsc.page=1,cse.google.com,Social Media Tools,Telegram,A Google Advanced Search specifically for finding public and private Telegram Channels and Chatrooms.,social-media|telegram,guarded,False,False,False,False,False,573
telegram-nearby-map-41968992,Telegram Nearby Map,https://github.com/tejado/telegram-nearby-map,github.com,Social Media Tools,Telegram,Webapp based on OpenStreetMap and the official Telegram library to find the position of nearby users.,mapping|open-source|social-media|telegram,guarded,False,False,False,False,False,574
telegram-channels-scraper-telegraphite-91f069f7,Telegram channels scraper TeleGraphite,https://github.com/hamodywe/telegram-scraper-TeleGraphite,github.com,Social Media Tools,Telegram,Telegram Scraper & JSON Exporter & telegram channels scraper.,open-source|social-media|telegram,guarded,False,False,False,False,False,575
telesearch-eadd7f8e,TeleSearch,https://telesearch.me/,telesearch.me,Social Media Tools,Telegram,"Search and find your desired Telegram channels, groups, bots and games quickly and easily with Telesearch​.",social-media|telegram,guarded,False,False,False,False,False,576
teletracker-2a80d353,TeleTracker,https://github.com/tsale/TeleTracker,github.com,Social Media Tools,Telegram,TeleTracker is a simple set of Python scripts designed for anyone investigating Telegram channels. It helps you send messages quickly and gather useful channel information easily.,open-source|social-media|telegram,guarded,False,False,False,False,False,577
tgstat-cf989f13,TGStat,https://tgstat.com/,tgstat.com,Social Media Tools,Telegram,"OSINT platform analyzing Telegram channels, groups, metrics, and trending activity.",social-media|telegram,guarded,False,False,False,False,False,578
tosint-f2757dd5,TOsint,https://github.com/drego85/tosint,github.com,Social Media Tools,Telegram,"Tosint (Telegram OSINT) is a powerful tool designed to extract valuable information from Telegram bots and channels. It serves as an essential resource for security researchers, investigators, and anyone interested in gathering insights from various Telegram entities.",open-source|social-media|telegram,guarded,False,False,False,False,False,579
osint-steam-658c3690,OSINT-Steam,https://osint-steam.vercel.app/en,osint-steam.vercel.app,Social Media Tools,Steam,"An [open-source](https://github.com/Berchez/OSINT-steam) tool that returns public information, such as friends list and possible locations, from Steam profiles.",open-source|social-media|steam,guarded,False,False,False,False,False,640
steam-osint-b352871d,Steam-OSINT,https://github.com/matiash26/steam-osint,github.com,Social Media Tools,Steam,"Open-source OSINT tool for accurate mutual friends analysis on Steam, supporting full friend lists.",open-source|social-media|steam,guarded,False,False,False,False,False,642
ghnames-75f8cc0a,GHNames,https://ghnames.com/,ghnames.com,Social Media Tools,GitHub,"GitHub lookup tool to search for username history, associated emails, and deleted repositories.",github|social-media,guarded,True,False,False,False,False,646
github-monitor-8bb51082,github_monitor,https://github.com/misiektoja/github_monitor,github.com,Social Media Tools,GitHub,"Tool for real-time tracking of GitHub users' activities including profile and repository changes with support for email alerts, CSV logging, detection when a user blocks or unblocks you and more",github|open-source|social-media,guarded,True,False,False,False,False,647
githubrecon-161ba368,GithubRecon,https://kriztalz.sh/github-recon/,kriztalz.sh,Social Media Tools,GitHub,Lookup Github users by username or email and gather associated data.,github|social-media,guarded,True,False,False,False,False,648
gitleak-e7b70bf1,GitLeak,https://gitleak.io,gitleak.io,Social Media Tools,GitHub,"An OSINT tool for GitHub that extracts hidden email addresses, commit timezones, and activity patterns via .patch metadata.",exif|github|social-media,guarded,True,True,False,False,False,649
related-repos-08cc1f5b,Related Repos,https://relatedrepos.com/,relatedrepos.com,Social Media Tools,GitHub,Discover related open source projects. Find alternatives and other similar repositories. Updated daily.,github|open-source|social-media,guarded,False,False,False,False,False,650
shotstars-85124d16,Shotstars,https://github.com/snooppr/shotstars,github.com,Social Media Tools,GitHub,"An advanced tool for checking GitHub repositories, with star statistics, including fake star analysis and data visualization.",github|open-source|social-media,guarded,False,False,False,False,False,651
blogsearchengine-c47e0791,BlogSearchEngine,http://www.blogsearchengine.org,blogsearchengine.org,Blog Search,,,blogs|search,low,False,False,False,False,False,655
notey-57ca07ac,Notey,http://www.notey.com,notey.com,Blog Search,,Blog post search engine.,blogs|search,low,False,False,False,False,False,656
twingly-15978779,Twingly,http://www.twingly.com,twingly.com,Blog Search,,,blogs|search,low,False,False,False,False,False,657
4chan-search-8f11dd29,4chan Search,https://4chansearch.com/,4chansearch.com,Forums and Discussion Boards Search,,,communities|forums,low,False,False,False,False,False,661
boardreader-7cfbdfab,Boardreader,http://boardreader.com,boardreader.com,Forums and Discussion Boards Search,,,communities|forums,low,False,False,False,False,False,662
built-with-flarum-b1f57ca7,Built With Flarum,https://builtwithflarum.com/,builtwithflarum.com,Forums and Discussion Boards Search,,,communities|forums,low,False,False,False,False,False,663
facebook-groups-950f0190,Facebook Groups,https://www.facebook.com,facebook.com,Forums and Discussion Boards Search,,,communities|forums,guarded,True,False,False,False,True,664
google-groups-156c1002,Google Groups,https://groups.google.com,groups.google.com,Forums and Discussion Boards Search,,,communities|forums,low,False,False,False,False,False,665
linkedin-groups-02816c73,Linkedin Groups,http://www.linkedin.com,linkedin.com,Forums and Discussion Boards Search,,,communities|forums,low,False,False,False,False,False,666
ning-679f6aad,Ning,http://www.ning.com,ning.com,Forums and Discussion Boards Search,,,communities|forums,low,False,False,False,False,False,667
yahoo-groups-22905c48,Yahoo Groups,https://groups.yahoo.com,groups.yahoo.com,Forums and Discussion Boards Search,,,communities|forums,low,False,False,False,False,False,668
antisocial-c36aad04,Antisocial,https://github.com/lukeslp/antisocial,github.com,Username Check,,"Find forgotten accounts across 30+ platforms using three-tier verification: official APIs first, then browser automation, then HTTP content analysis. Reduces false positives to around 5%. Deep search mode adds 500+ platforms via the WhatsMyName database.",account-discovery|open-source|username,guarded,True,False,False,False,False,672
blackbird-d33984b5,Blackbird,https://github.com/p1ngul1n0/blackbird,github.com,Username Check,,Search a username across over 600+ websites.,account-discovery|open-source|username,guarded,True,False,False,False,False,673
checkuser-60fe6b72,CheckUser,https://checkuser.vercel.app/,checkuser.vercel.app,Username Check,,search username across social networks,account-discovery|username,guarded,True,False,False,False,False,674
cupidcr4wl-85d1e031,Cupidcr4wl,https://github.com/OSINTI4L/cupidcr4wl,github.com,Username Check,,Username and phone number search tool that crawls adult content platforms to see if a targeted account or person is present.,account-discovery|open-source|username,restricted,True,False,False,False,False,675
digital-footprint-check-5af22410,Digital Footprint Check,https://www.digitalfootprintcheck.com/free-checker.html,digitalfootprintcheck.com,Username Check,,Check for registered username on 100s of sites for free.,account-discovery|free|username,guarded,True,False,False,False,False,676
idcrawl-e567e9ce,IDCrawl,https://www.idcrawl.com/username,idcrawl.com,Username Check,,Search for a username in popular social networks.,account-discovery|username,guarded,True,False,False,False,False,677
maigret-5601d30f,Maigret,https://github.com/soxoj/maigret,github.com,Username Check,,Collect a dossier on a person by username.,account-discovery|open-source|username,guarded,True,False,False,False,False,678
name-chk-92549cf1,Name Chk,http://www.namechk.com,namechk.com,Username Check,,Check over 30 domains and more than 90 social media account platforms.,account-discovery|username,guarded,True,False,False,False,False,679
name-checkr-2c482234,Name Checkr,http://www.namecheckr.com,namecheckr.com,Username Check,,checks a domain and username across many platforms.,account-discovery|username,guarded,True,False,False,False,False,680
name-checkup-56ff95d8,Name Checkup,https://namecheckup.com,namecheckup.com,Username Check,,is a search tool that allows you to check the avilability of a givrn username from all over the social media. Inaddition it also sllows you to check the avilability of a given domain name.,account-discovery|username,guarded,True,False,False,False,False,681
nameketchup-7a90fdbe,NameKetchup,https://nameketchup.com,nameketchup.com,Username Check,,checks domain name and username in popular social media sites and platforms.,account-discovery|username,guarded,True,False,False,False,False,682
nexfil-d240345d,NexFil,https://github.com/thewhiteh4t/nexfil,github.com,Username Check,,checks username from almost all social network sites.,account-discovery|open-source|username,guarded,True,False,False,False,False,683
sherlock-295362d4,Sherlock,https://github.com/sherlock-project/sherlock,github.com,Username Check,,Search for a username in multiple platforms/websites.,account-discovery|open-source|username,guarded,True,False,False,False,False,685
sherlockeye-7bd60e9d,SherlockEye,https://sherlockeye.io/,sherlockeye.io,Username Check,,"Search for publicly available information connected to a username, uncovering associated profiles and activities across the web.",account-discovery|username,guarded,True,False,False,False,False,686
trace-52f5ded4,Trace,https://trace.manus.space,trace.manus.space,Username Check,,"Real-time OSINT platform to search usernames, emails, phone numbers, and full names across 600+ platforms with breach detection and AI risk scoring.",account-discovery|username,restricted,True,True,False,False,False,687
snoop-21837d99,Snoop,https://github.com/snooppr/snoop/blob/master/README.en.md,github.com,Username Check,,Search for a nickname on the web (OSINT world),account-discovery|open-source|username,guarded,True,False,False,False,False,688
social-analyzer-58a1bd3b,Social Analyzer,https://github.com/qeeqbox/social-analyzer,github.com,Username Check,,"API, CLI, and Web App for analyzing and finding a person's profile in 1000 social media \ websites",account-discovery|api|cli|open-source|username,guarded,True,False,False,False,False,689
user-search-cf2421c3,User Search,http://www.usersearch.org,usersearch.org,Username Check,,"Find someone by username, email, phone number or picture across Social Networks, Dating Sites, Forums, Crypto Forums, Chat Sites and Blogs, 3000+ sites Supported!",account-discovery|username,guarded,True,False,False,False,False,691
user-searcher-3bc7b266,User Searcher,https://www.user-searcher.com,user-searcher.com,Username Check,,User-Searcher is a powerful and free tool to help you search username in 2000+ websites.,account-discovery|free|username,guarded,True,False,False,False,False,692
whatsmyname-fa063880,WhatsMyName,https://whatsmyname.app/,whatsmyname.app,Username Check,,check for usernames across many different platforms.,account-discovery|username,guarded,True,False,False,False,False,693
192-uk-ad2f9766,192 (UK),http://www.192.com,192.com,People Investigations,,"Search by person, business, address. Limited free info, premium data upsell.",free|paid|people|pii-sensitive|public-records,guarded,True,False,False,False,False,698
411-us-267040a5,411 (US),http://www.411.com,411.com,People Investigations,,"Search by person, phone number, address, and business. Limited free info, premium data upsell.",free|paid|people|pii-sensitive|public-records,guarded,True,False,False,False,False,699
ancestry-5c08e210,Ancestry,http://www.ancestry.com,ancestry.com,People Investigations,,"Premium data, free trial with credit card.",free|paid|people|pii-sensitive|public-records,guarded,True,False,False,False,False,700
apollo-io-f401db43,Apollo.io,https://www.apollo.io/,apollo.io,People Investigations,,Free B2B Phone Number & Email Finder. 1200 credits per user/year for free plan.,free|paid|people|pii-sensitive|public-records,guarded,True,False,False,False,False,701
beenverified-6630b295,BeenVerified,https://www.backgroundchecks.com/solutions/beenverified,backgroundchecks.com,People Investigations,,,people|pii-sensitive|public-records,guarded,True,False,False,False,False,702
black-book-online-98f6602d,Black Book Online,https://www.blackbookonline.info,blackbookonline.info,People Investigations,,Free. Nationwide directory of public record lookups.,free|people|pii-sensitive|public-records,guarded,True,False,False,False,False,703
buscapaginasblancas-ef737d7e,BuscaPaginasBlancas,https://github.com/GeiserX/BuscaPaginasBlancas,github.com,People Investigations,,OSINT tool for extracting contact information from Spanish white pages (Paginas Blancas).,open-source|people|pii-sensitive|public-records,guarded,True,False,False,False,False,704
california-justice-watch-28e985a3,California Justice Watch,https://cajusticewatch.com,cajusticewatch.com,People Investigations,,"Free. Public-records accountability data for California: 58 district attorneys, 196 public defenders, 1,620 sitting judges, 1,500 law-enforcement officers with documented misconduct, 247 Commission on Judicial Performance discipline records (plus full-text search over 250 CJP decision PDFs), and 671 POST decertifications. Open API + MCP server.",api|free|people|pii-sensitive|public-records,guarded,True,False,False,False,False,705
canada411-097e70de,Canada411,http://www.canada411.ca,canada411.ca,People Investigations,,"Search by person, phone number, and business. Free.",free|people|pii-sensitive|public-records,guarded,True,False,False,False,False,706
classmates-fa4f0a97,Classmates,http://www.classmates.com,classmates.com,People Investigations,,High-school focused people search. Free acounts allow creating a profile and viewing other members. Premium account required to contact other members.,free|paid|people|pii-sensitive|public-records|registration,guarded,True,False,False,False,False,707
contactout-531cdb95,ContactOut,https://contactout.com/,contactout.com,People Investigations,,Unlock the world's most accurate contact data. Find emails & phone for 300M professionals.,people|pii-sensitive|public-records,guarded,True,False,False,False,False,708
clustermaps-60c1a259,Clustermaps,https://clustrmaps.com/,clustrmaps.com,People Investigations,,Find people and address information associated with them,people|pii-sensitive|public-records,guarded,True,False,False,False,False,709
crunchbase-ea018d53,CrunchBase,http://www.crunchbase.com,crunchbase.com,People Investigations,,"Business information database, with a focus on investment, acquisition, and executive data. Ancillary focus on market research and connecting founders and investors.",people|pii-sensitive|public-records,guarded,True,False,False,False,False,710
facecheck-id-7ed76745,FaceCheck.ID,https://facecheck.id,facecheck.id,People Investigations,,Search the internet by face.,people|pii-sensitive|public-records,restricted,True,False,False,False,True,711
family-search-a70956ba,Family Search,https://familysearch.org,familysearch.org,People Investigations,,"Popular genealogy site. Free, but registration required. Funded by The Church Of Jesus Christ of Latter-day Saints.",free|people|pii-sensitive|public-records|registration,guarded,True,False,False,False,False,712
familytreenow-a7afd978,FamilyTreeNow,https://familytreenow.com,familytreenow.com,People Investigations,,"Research family and geneology, no registration required, can search addresses, phone numbers, and email addresses as well as associations.",free|people|pii-sensitive|public-records|registration,guarded,True,False,False,False,False,713
finalnotes-obituary-research-guide-4b44bf66,FinalNotes Obituary Research Guide,https://www.finalnotes.page/obituary-research-guide/,finalnotes.page,People Investigations,,"Guide for finding obituary records, preserving source trails, and turning obituary clues into sourced family-history stories.",people|pii-sensitive|public-records,guarded,True,False,False,False,False,714
federal-bureau-of-prisons-inmate-locator-us-de602771,Federal Bureau of Prisons - Inmate Locator (US),http://www.bop.gov/inmateloc,bop.gov,People Investigations,,Search federal inmates incarcerated from 1982 to the present.,people|pii-sensitive|public-records,guarded,True,False,False,False,False,715
fold3-us-military-records-54ca98d0,Fold3 (US Military Records),http://www.fold3.com,fold3.com,People Investigations,,Search military records. Search filters limited with free access. Premium access requires subscription.,free|paid|people|pii-sensitive|public-records,guarded,True,False,False,False,False,716
genealogy-bank-56133496,Genealogy Bank,http://www.genealogybank.com,genealogybank.com,People Investigations,,"Premium data, free trial with credit card.",free|paid|people|pii-sensitive|public-records,guarded,True,False,False,False,False,717
genealogy-links-8c382c0f,Genealogy Links,http://www.genealogylinks.net,genealogylinks.net,People Investigations,,Genealogy directory with over 50K links.,people|pii-sensitive|public-records,guarded,True,False,False,False,False,718
homemetry-84f319a5,Homemetry,https://homemetry.com,homemetry.com,People Investigations,,Reverse address search and allows searching for properties for sale/rent..,people|pii-sensitive|public-records,guarded,True,False,False,False,False,719
infotracer-dad445cc,InfoTracer,https://infotracer.com/,infotracer.com,People Investigations,,Search for people. (Searches are paid),paid|people|pii-sensitive|public-records,guarded,True,False,False,False,False,720
judyrecords-60578168,Judyrecords,https://www.judyrecords.com/,judyrecords.com,People Investigations,,Free. Nationwide search of 400 million+ United States court cases.,free|people|pii-sensitive|public-records,guarded,True,False,False,False,False,721
kompass-6f621637,Kompass,http://www.kompass.com,kompass.com,People Investigations,,Business directory and search.,people|pii-sensitive|public-records,guarded,True,False,False,False,False,722
lers-portal-directory-ministry-of-cyber-affairs-9eba3a92,LERS Portal Directory (Ministry of Cyber Affairs),https://ministryofcyberaffairs.com/lers,ministryofcyberaffairs.com,People Investigations,,"Directory of platform law-enforcement data-request (LERS) portals (WhatsApp, Google, Apple, Telegram, TikTok, Binance) with eligibility and submission steps for authorised investigators.",people|pii-sensitive|public-records,guarded,True,False,False,False,False,723
mugshots-0be788bc,Mugshots,https://mugshots.com/,mugshots.com,People Investigations,,,people|pii-sensitive|public-records,guarded,True,False,False,False,False,724
opensanctions-0c699495,OpenSanctions,https://www.opensanctions.org/search/,opensanctions.org,People Investigations,,Information on sanctions and public office holders.,people|pii-sensitive|public-records,guarded,True,False,False,False,False,725
peekyou-83e9ba94,PeekYou,https://www.peekyou.com/,peekyou.com,People Investigations,,PeekYou offers the ability to search for people with checks done against more sites. Can check for arrest records as well.,people|pii-sensitive|public-records,guarded,True,False,False,False,False,726
reunion-34e91bd1,Reunion,http://reunion.com,reunion.com,People Investigations,,"People search. Limited free info, premium data upsell.",free|paid|people|pii-sensitive|public-records,guarded,True,False,False,False,False,727
socialcatfish-1f5417c9,Socialcatfish,https://socialcatfish.com/,socialcatfish.com,People Investigations,,Superextensive people search which works worldwide. Searches are done from 200 Billion records.,people|pii-sensitive|public-records,guarded,True,False,False,False,False,728
searchbug-e26f9706,SearchBug,http://www.searchbug.com,searchbug.com,People Investigations,,"People search. Limited free info, premium data upsell.",free|paid|people|pii-sensitive|public-records,guarded,True,False,False,False,False,729
spokeo-3cdcd822,Spokeo,http://www.spokeo.com,spokeo.com,People Investigations,,"People search. Limited free info, premium data upsell.",free|paid|people|pii-sensitive|public-records,guarded,True,False,False,False,False,730
surfface-1d58585c,Surfface,https://surfface.com,surfface.com,People Investigations,,Face search and people finder that links faces to social media profiles and other public data.,people|pii-sensitive|public-records,restricted,True,False,False,False,True,731
the-national-archives-uk-a5b8e5bf,The National Archives (UK),http://www.nationalarchives.gov.uk,nationalarchives.gov.uk,People Investigations,,Search UK national archives.,archive|people|pii-sensitive|public-records,guarded,True,False,False,False,False,732
unicourt-6384b6aa,UniCourt,https://unicourt.com/,unicourt.com,People Investigations,,"Limited free searches, premium data upsell. Nationwide search of 100 million+ United States court cases.",free|paid|people|pii-sensitive|public-records,guarded,True,False,False,False,False,733
uk-phone-book-f59f3216,UK Phone Book,https://www.ukphonebook.com/,ukphonebook.com,People Investigations,,Search people in a similar way as 192.com,people|pii-sensitive|public-records,guarded,True,False,False,False,False,734
vinelink-f39de8d4,VineLink,https://www.vinelink.com/#state-selection,vinelink.com,People Investigations,,"Inmate search and notification service for victims of crime, linked to multiple correctional facilities' booking systems in the U.S.",people|pii-sensitive|public-records,guarded,True,False,False,False,False,735
voter-records-9f441c06,Voter Records,https://voterrecords.com/,voterrecords.com,People Investigations,,Free political research tool to study more than 100 Million US voter records.,free|people|pii-sensitive|public-records,guarded,True,False,False,False,False,736
white-pages-us-695252c8,White Pages (US),http://www.whitepages.com,whitepages.com,People Investigations,,"People search. Limited free info, premium data upsell.",free|paid|people|pii-sensitive|public-records,guarded,True,False,False,False,False,737
zabasearch-d68cca7f,ZabaSearch,https://www.zabasearch.com/,zabasearch.com,People Investigations,,,people|pii-sensitive|public-records,guarded,True,False,False,False,False,738
blackbird-6915ac14,Blackbird,https://github.com/p1ngul1n0/blackbird,github.com,Email Search / Email Check,,Search for accounts associated with a given email across various platforms.,email|open-source|pii-sensitive,guarded,True,False,False,False,False,742
blacklist-checker-c9c93b5c,Blacklist Checker,https://blacklistchecker.com/,blacklistchecker.com,Email Search / Email Check,,"Blacklist Checker is an email blacklist checker, monitor and API that checks 100+ blacklists in seconds",api|email|pii-sensitive,guarded,True,False,False,False,False,743
dehashed-1329aa29,DeHashed,https://dehashed.com/,dehashed.com,Email Search / Email Check,,"DeHashed helps prevent ATO with our extensive data set & breach notification solution. Match employee and consumer logins against the world’s largest repository of aggregated publicly available assets leaked from third-party breaches. Secure passwords before criminals can abuse stolen information, and protect your enterprise.",email|pii-sensitive,guarded,True,True,False,False,False,744
email-address-validator-761b66f0,Email Address Validator,http://www.email-validator.net,email-validator.net,Email Search / Email Check,,"Improve deliverability, reduce bounce rates, prevent fraud and minimize funnel leaks.",email|pii-sensitive,guarded,True,True,False,False,False,745
email-extractor-c6359a06,Email Extractor,https://99tools.net/email-extractor/,99tools.net,Email Search / Email Check,,A browser-based utility to quickly extract email addresses from bulk text or raw data for further investigation.,email|pii-sensitive,guarded,True,False,False,False,False,746
email-format-9312afbf,Email Format,http://email-format.com,email-format.com,Email Search / Email Check,,is a website that allows you to find email address formats used by different companies.,email|pii-sensitive,guarded,True,False,False,False,False,747
email-permutator-a1976fce,Email Permutator,https://www.polished.app/email-permutator/,polished.app,Email Search / Email Check,,a powerful tool designed to aid professionals in generating a range of potential email addresses for a specific contact.,email|pii-sensitive,guarded,True,False,False,False,False,748
emailhippo-e5810033,EmailHippo,https://tools.verifyemailaddress.io,tools.verifyemailaddress.io,Email Search / Email Check,,is an email address verification platform that will check whether a given email address exists or not.,email|pii-sensitive,guarded,True,False,False,False,False,749
emailrep-045aab46,EmailRep,https://emailrep.io,emailrep.io,Email Search / Email Check,,Email address reputation and risk scoring service.,email|pii-sensitive,guarded,True,False,False,False,False,750
epieos-tools-a3e3225f,Epieos Tools,https://tools.epieos.com,tools.epieos.com,Email Search / Email Check,,Collection of OSINT tools for email investigations.,email|pii-sensitive,guarded,True,False,False,False,False,751
ghunt-de4c8feb,Ghunt,https://github.com/mxrch/GHunt,github.com,Email Search / Email Check,,Investigate Google emails and documents.,email|open-source|pii-sensitive,guarded,True,False,False,False,False,752
gitrecon-04193f52,Gitrecon,https://github.com/atiilla/gitrecon,github.com,Email Search / Email Check,,Node.js tool to scan GitHub repositories for exposed email addresses and names.,email|open-source|pii-sensitive,guarded,True,False,False,False,False,753
h8mail-6e0f39d9,h8mail,https://github.com/khast3x/h8mail,github.com,Email Search / Email Check,,"Password Breach Hunting and Email OSINT, locally or using premium services. Supports chasing down related email.",email|open-source|paid|pii-sensitive,restricted,True,True,False,False,False,754
have-i-been-pwned-c4c32941,Have I Been Pwned,https://haveibeenpwned.com,haveibeenpwned.com,Email Search / Email Check,,Search across multiple data breaches to see if your email address has been compromised.,email|pii-sensitive,guarded,True,True,False,False,False,755
holehe-24da17f6,Holehe,https://github.com/megadose/holehe,github.com,Email Search / Email Check,,"allows you to check if the mail is used on different sites like twitter, instagram and will retrieve information on sites with the forgotten password function.",email|open-source|pii-sensitive,guarded,True,True,False,False,False,756
hunter-946429d8,Hunter,https://hunter.io,hunter.io,Email Search / Email Check,,Hunter lets you find email addresses in seconds and connect with the people that matter for your business.,email|pii-sensitive,guarded,True,False,False,False,False,757
infostealers-d4b3fd54,InfoStealers,https://infostealers.info/en/info,infostealers.info,Email Search / Email Check,,"Indexes darknet-exposed infostealer logs and makes them searchable and actionable for security teams, investigators, researchers, and digital forensics professionals.",email|pii-sensitive,restricted,True,True,True,False,False,758
intelbase-78d43aac,IntelBase,https://intelbase.is/,intelbase.is,Email Search / Email Check,,Forensics platform focused on reverse email lookup and email data enrichment.,email|pii-sensitive,guarded,True,False,False,False,False,759
leakcheck-e472561a,LeakCheck,https://leakcheck.io/,leakcheck.io,Email Search / Email Check,,"Data Breach Search Engine with 7.5B+ entries collected from more than 3000 databases. Search by e-mail, username, keyword, password or corporate domain name.",email|pii-sensitive,guarded,True,True,False,False,False,760
leakradar-2750d85f,LeakRadar,https://leakradar.io/,leakradar.io,Email Search / Email Check,,"Scans for compromised emails and domains in stealer logs, offering proactive breach prevention and real-time alerts.",email|pii-sensitive,restricted,True,True,False,False,False,761
mailaccess-becca802,MailAccess,https://github.com/KatrielMoses/MailAccess,github.com,Email Search / Email Check,,"Free email OSINT tool, checks 800+ platforms, breach exposure via HIBP, infostealer logs via Hudson Rock, and builds a cross-platform identity graph with confidence scoring. `pip install mailaccess`",email|free|open-source|pii-sensitive,restricted,True,True,False,False,False,762
mailtester-17bb4adf,MailTester,http://mailtester.com,mailtester.com,Email Search / Email Check,,hunt for emails and improve your email deliverability,email|pii-sensitive,guarded,True,False,False,False,False,763
minerva-osint-61b95e7d,Minerva OSINT,https://minervaosint.com,minervaosint.com,Email Search / Email Check,,Email search tool that finds and aggregates data on a target email from over a hundred websites.,email|pii-sensitive,guarded,True,False,False,False,False,764
multirbl-0cbc4589,Multirbl,https://multirbl.valli.org/dnsbl-lookup,multirbl.valli.org,Email Search / Email Check,,MultiRBL Valli checks if an IP or domain is listed on multiple public RBLs (blacklists) simultaneously.,email|pii-sensitive,guarded,True,False,False,False,False,765
mxtoolbox-cbff46c0,mxtoolbox,https://mxtoolbox.com/,mxtoolbox.com,Email Search / Email Check,,Free online tools to investigate/troubleshoot email server issues.,email|free|pii-sensitive,guarded,True,False,False,False,False,766
osinteye-3e65b863,OSINTEye,https://github.com/atiilla/OsintEye,github.com,Email Search / Email Check,,"OSINT Eye: A WPF Desktop Application for GitHub Intelligence, Social Media Reconnaissance, and Subdomain Discovery",email|open-source|pii-sensitive,guarded,True,False,False,False,False,767
peepmail-a79a9bf9,Peepmail,http://www.samy.pl/peepmail,samy.pl,Email Search / Email Check,,"is a tool that allows you to discover business email addresses for users, even if their email address may not be publicly available or shared.",email|pii-sensitive,guarded,True,False,False,False,False,768
pipl-6b4b394d,Pipl,https://pipl.com,pipl.com,Email Search / Email Check,,a provider of identity solutions.,email|pii-sensitive,guarded,True,False,False,False,False,769
reacher-44dd752e,Reacher,https://reacher.email,reacher.email,Email Search / Email Check,,"Real-time email verification API, written in Rust, 100% open-source.",api|email|open-source|pii-sensitive,guarded,True,False,False,False,False,770
sherlockeye-ed35ce2f,SherlockEye,https://sherlockeye.io/,sherlockeye.io,Email Search / Email Check,,Search for publicly available data linked to an email address across multiple sources on the internet.,email|pii-sensitive,guarded,True,False,False,False,False,771
snov-io-98f05cba,Snov.io,https://snov.io/email-finder,snov.io,Email Search / Email Check,,Find email addresses on any website.,email|pii-sensitive,guarded,True,False,False,False,False,772
spamhaus-f147ae84,Spamhaus,https://check.spamhaus.org/,check.spamhaus.org,Email Search / Email Check,,Lookup Reputation Checker.,email|pii-sensitive,guarded,True,False,False,False,False,773
thatsthem-9157d266,ThatsThem,https://thatsthem.com/reverse-email-lookup,thatsthem.com,Email Search / Email Check,,Reverse Email Lookup.,email|pii-sensitive,guarded,True,False,False,False,False,774
toofr-a577ddd3,Toofr,https://www.toofr.com,toofr.com,Email Search / Email Check,,Find Anyone’s Email Address in Seconds.,email|pii-sensitive,guarded,True,False,False,False,False,775
user-scanner-a5286c18,user-scanner,https://github.com/kaifcodec/user-scanner.git,github.com,Email Search / Email Check,,"Takes an email, scan on various popular sites, games and retrieve info if the email is registered there or not.",email|open-source|pii-sensitive,guarded,True,False,False,False,False,776
verify-email-89e6073f,Verify Email,http://verify-email.org,verify-email.org,Email Search / Email Check,,The fastest and most accurate email verification tool.,email|pii-sensitive,guarded,True,False,False,False,False,777
voilanorbert-190ed4f6,VoilaNorbert,https://www.voilanorbert.com,voilanorbert.com,Email Search / Email Check,,Find anyone's contact information for lead research or talent acquisition.,email|pii-sensitive,guarded,True,False,False,False,False,778
emobiletracker-com-ee09723d,EmobileTracker.com,https://www.emobiletracker.com/,emobiletracker.com,Phone Number Research,,"a service specifically designed to Track Mobile Number, Location on Google Map including information such as the owner's Name,Location,Country,Telecom provider.",mapping|phone|pii-sensitive,guarded,True,False,False,False,False,782
freecarrierlookup-8f3f9912,FreeCarrierLookup,https://freecarrierlookup.com/,freecarrierlookup.com,Phone Number Research,,enter a phone number and we'll return the carrier name and whether the number is wireless or landline. We also return the email-to-SMS and email-to-MMS gateway addresses for USA and Canadian* phone numbers.,phone|pii-sensitive,guarded,True,False,False,False,False,783
infobel-4f1effd8,Infobel,https://www.infobel.com/,infobel.com,Phone Number Research,,"Search 164+ million records across 73 countries for companies and individuals. Find places, local service providers, their contact details, reviews, opening hours and more.",phone|pii-sensitive,guarded,True,False,False,False,False,784
inmobprefix-e5774f5e,InMobPrefix,https://github.com/hstsethi/in-mob-prefix,github.com,Phone Number Research,,"Dataset, charts, models about mobile phone numbers prefixes in India along with their respective state, operator.",open-source|phone|pii-sensitive,guarded,True,False,False,False,False,785
phone-validator-9a2865b4,Phone Validator,https://www.phonevalidator.com/index.aspx,phonevalidator.com,Phone Number Research,,"Pretty accurate phone lookup service, particularly good against Google Voice numbers.",phone|pii-sensitive,guarded,True,False,False,False,False,786
phoneinfoga-767842ee,PhoneInfoga,https://github.com/sundowndev/PhoneInfoga,github.com,Phone Number Research,,Advanced information gathering & OSINT framework for phone numbers.,open-source|phone|pii-sensitive,guarded,True,False,False,False,False,787
reverse-phone-check-4c2d286c,Reverse Phone Check,https://www.reversephonecheck.com,reversephonecheck.com,Phone Number Research,,"Look up names, addresses, phone numbers, or emails and anonymously discover information about yourself, family, friends, or old schoolmates. Powered by infotracer.com",phone|pii-sensitive,guarded,True,False,False,False,False,788
reverse-phone-lookup-863b04e8,Reverse Phone Lookup,http://www.reversephonelookup.com/,reversephonelookup.com,Phone Number Research,,"Detailed information about phone carrier, region, service provider, and switch information.",phone|pii-sensitive,guarded,True,False,False,False,False,789
searchpeoplefree-737a12f2,SearchPeopleFREE,https://www.searchpeoplefree.com/phone-lookup,searchpeoplefree.com,Phone Number Research,,"a reverse name, address, email address, or phone lookup that allows you to discover the owner of a phone number or who lives at an address.",phone|pii-sensitive,guarded,True,False,False,False,False,790
spy-dialer-54c38990,Spy Dialer,http://spydialer.com/,spydialer.com,Phone Number Research,,Get the voicemail of a cell phone & owner name lookup.,phone|pii-sensitive,guarded,True,False,False,False,False,791
sync-me-aed64b4c,Sync.ME,https://sync.me/,sync.me,Phone Number Research,,a caller ID and spam blocker app.,phone|pii-sensitive,guarded,True,False,False,False,False,792
truecaller-fb80f92d,Truecaller,https://truecaller.com,truecaller.com,Phone Number Research,,Global reverse phone number search.,phone|pii-sensitive,guarded,True,False,False,False,False,793
twilio-e616f457,Twilio,https://www.twilio.com/docs/lookup/v2-api,twilio.com,Phone Number Research,,"Look up a phone numbers carrier type, location, etc. Twilio offers free accounts that come with credits you can use with their API. Each lookup is only ~$0.01-$0.02 typically on US and CAN numbers.",api|free|paid|phone|pii-sensitive,guarded,True,False,False,False,False,794
usphonebook-b4973972,USPhoneBook,https://www.usphonebook.com/,usphonebook.com,Phone Number Research,,Reverse phone and address lookups and leading data.,phone|pii-sensitive,guarded,True,False,False,False,False,795
faxvin-86579d1c,FaxVIN,https://www.faxvin.com/,faxvin.com,Vehicle / Automobile Research,,"Vehicle History Reports. A license plate lookup tool that returns info like VIN, make & model of vehicle, age, and numerous other details.",public-records|vehicle,guarded,False,False,False,False,False,799
epicvin-d4357d52,EpicVIN,https://epicvin.com/,epicvin.com,Vehicle / Automobile Research,,"Vehicle reports are compiled from various data sources, including historical accident records from state agencies and other entities like NMVTIS. License plate lookup that returns VIN and car millage.",archive|public-records|vehicle,guarded,False,False,False,False,False,800
academia-94cc489b,Academia,http://academia.edu,academia.edu,Expert Search,,is a platform for sharing academic research.,experts|people,low,False,False,False,False,False,804
expertisefinder-1b94df55,ExpertiseFinder,http://www.expertisefinder.com,expertisefinder.com,Expert Search,,,experts|people,low,False,False,False,False,False,805
expertpages-6018b132,ExpertPages,http://expertpages.com,expertpages.com,Expert Search,,,experts|people,low,False,False,False,False,False,806
experts-com-9be02023,Experts.com,http://www.experts.com,experts.com,Expert Search,,,experts|people,low,False,False,False,False,False,807
haro-852eeec8,HARO,http://www.helpareporter.com,helpareporter.com,Expert Search,,,experts|people,low,False,False,False,False,False,808
licenseplates-97bfb2b7,Licenseplates,http://www.worldlicenseplates.com/,worldlicenseplates.com,Expert Search,,,experts|people,low,False,False,False,False,False,809
globalexperts-8259023e,GlobalExperts,http://www.theglobalexperts.org,theglobalexperts.org,Expert Search,,,experts|people,low,False,False,False,False,False,810
idealist-1315cf01,Idealist,http://www.idealist.org,idealist.org,Expert Search,,,experts|people,low,False,False,False,False,False,811
innocentive-7edb4913,Innocentive,http://www.innocentive.com,innocentive.com,Expert Search,,,experts|people,low,False,False,False,False,False,812
internet-experts-9d3ce59b,Internet Experts,http://www.internetexperts.info,internetexperts.info,Expert Search,,,experts|people,low,False,False,False,False,False,813
library-of-congress-ask-a-librarian-fa2a193c,Library of Congress: Ask a Librarian,http://www.loc.gov/rr/askalib,loc.gov,Expert Search,,,experts|people,low,False,False,False,False,False,814
maven-b51f9571,Maven,http://www.maven.co,maven.co,Expert Search,,,experts|people,low,False,False,False,False,False,815
muckrack-28b3bcde,MuckRack,http://muckrack.com,muckrack.com,Expert Search,,Extensive database of U.S. government public records obtained through federal and state public records requests. Automated tool that will make public records requests and follow up until records are obtained on your behalf.,experts|people,low,False,False,False,False,False,816
national-speakers-association-f08e89cd,National Speakers Association,http://www.nsaspeaker.org,nsaspeaker.org,Expert Search,,,experts|people,low,False,False,False,False,False,817
newswise-fb7ada59,Newswise,http://www.newswise.com,newswise.com,Expert Search,,,experts|people,low,False,False,False,False,False,818
patent-attorneys-agent-search-4814f442,Patent Attorneys/Agent Search,https://oedci.uspto.gov/OEDCI/,oedci.uspto.gov,Expert Search,,Official listing of U.S. attorneys qualified to represent individuals in U.S. patent office proceedings.,experts|people,low,False,False,False,False,False,819
prnewswire-12b5456e,PRNewswire,https://prnmedia.prnewswire.com,prnmedia.prnewswire.com,Expert Search,,,experts|people,low,False,False,False,False,False,820
reseacherid-8c3c31c9,ReseacherID,http://www.researcherid.com,researcherid.com,Expert Search,,,experts|people,low,False,False,False,False,False,821
shesource-517f50c6,SheSource,http://www.shesource.org,shesource.org,Expert Search,,,experts|people,low,False,False,False,False,False,822
sources-7ddf8078,Sources,http://www.sources.com,sources.com,Expert Search,,,experts|people,low,False,False,False,False,False,823
trexpertwitness-642fb5ab,TRExpertWitness,https://trexpertwitness.com,trexpertwitness.com,Expert Search,,,experts|people,low,False,False,False,False,False,824
zintro-f8b42a43,Zintro,https://www.zintro.com,zintro.com,Expert Search,,,experts|people,low,False,False,False,False,False,825
allstockslinks-dc12e88f,AllStocksLinks,http://www.allstocks.com/links,allstocks.com,Company Research,,,business|company,low,False,False,False,False,False,829
better-business-bureau-50f43fae,Better Business Bureau,http://www.bbb.org,bbb.org,Company Research,,,business|company,low,False,False,False,False,False,830
bizeurope-3362f694,Bizeurope,http://www.bizeurope.com,bizeurope.com,Company Research,,,business|company,low,False,False,False,False,False,831
bloomberg-784c09ee,Bloomberg,http://www.bloomberg.com/research/company/overview/overview.asp,bloomberg.com,Company Research,,,business|company,low,False,False,False,False,False,832
brownbook-2cd6ff19,BrownBook,https://www.brownbook.net/,brownbook.net,Company Research,,,business|company,low,False,False,False,False,False,833
bureau-van-dijk-291beb75,Bureau Van Dijk,http://www.bvdinfo.com,bvdinfo.com,Company Research,,,business|company,low,False,False,False,False,False,834
business-source-74c316a2,Business Source,https://www.ebscohost.com/academic/business-source-complete,ebscohost.com,Company Research,,,business|company,low,False,False,False,False,False,835
canadian-business-research-bde63105,Canadian Business Research,https://www.canada.ca/en/services/business/research.html,canada.ca,Company Research,,,business|company,low,False,False,False,False,False,836
caselaw-access-project-1d0d70e4,Caselaw Access Project,https://case.law/,case.law,Company Research,,Collection of full text of historical (not up-to-date) cases from United States state appellate courts.,archive|business|company,low,False,False,False,False,False,837
company-registration-round-the-world-0c93145f,Company Registration Round the World,http://www.commercial-register.sg.ch/home/worldwide.html,commercial-register.sg.ch,Company Research,,,business|company,low,False,False,False,False,False,838
company-research-resources-by-country-comparably-84fe3a3c,Company Research Resources by Country Comparably,https://www.comparably.com,comparably.com,Company Research,,,business|company,low,False,False,False,False,False,839
competeshark-ae1c1a49,CompeteShark,http://competeshark.com,competeshark.com,Company Research,,,business|company,low,False,False,False,False,False,840
corporate-information-332c659e,Corporate Information,http://www.corporateinformation.com,corporateinformation.com,Company Research,,Aggregated information from publicly available sources on publicly traded companies worldwide.,business|company,low,False,False,False,False,False,841
corporationwiki-a2697550,CorporationWiki,https://www.corporationwiki.com/,corporationwiki.com,Company Research,,,business|company,low,False,False,False,False,False,842
crunchbase-58869973,CrunchBase,https://www.crunchbase.com,crunchbase.com,Company Research,,"Detailed information on startup businesses, with a specific focus on funding sources and funding procedures used by specific businesses.",business|company,low,False,False,False,False,False,843
data-com-connect-c5cb18ae,Data.com Connect,https://connect.data.com,connect.data.com,Company Research,,,business|company,low,False,False,False,False,False,844
edgar-u-s-securities-and-exchange-commission-filings-83f5fe0f,EDGAR U.S. Securities and Exchange Commission Filings,http://www.edgar-online.com,edgar-online.com,Company Research,,Periodic reports and extensive corporate disclosures from all businesses publicly traded in the United States.,business|company,low,False,False,False,False,False,845
europages-aca07268,Europages,http://www.europages.co.uk,europages.co.uk,Company Research,,,business|company,low,False,False,False,False,False,846
european-business-register-f75d214b,European Business Register,http://www.ebr.org,ebr.org,Company Research,,,business|company,low,False,False,False,False,False,847
ezilon-1764b3b8,Ezilon,http://www.ezilon.com,ezilon.com,Company Research,,,business|company,low,False,False,False,False,False,848
factiva-c38c60b5,Factiva,https://global.factiva.com,global.factiva.com,Company Research,,,business|company,low,False,False,False,False,False,849
forbes-global-2000-cf8fe774,Forbes Global 2000,http://www.forbes.com/global2000/,forbes.com,Company Research,,,business|company,low,False,False,False,False,False,850
fylings-90b04c7b,Fylings,https://www.fylings.com,fylings.com,Company Research,,"Free company-intelligence platform for Africa: search and verify companies across 18+ official national registries (Nigeria's CAC, Tanzania's BRELA, Mauritius's CBRD, Senegal's RCCM and more), with the official source and a last-verified date on every record.",business|company|free,low,False,False,False,False,False,851
glassdoor-9d279dbe,Glassdoor,https://www.glassdoor.com,glassdoor.com,Company Research,,,business|company,low,False,False,False,False,False,852
globaledge-60cbff09,globalEdge,http://globaledge.msu.edu,globaledge.msu.edu,Company Research,,,business|company,low,False,False,False,False,False,853
goodfirms-ec6accf9,GoodFirms,https://www.goodfirms.co/,goodfirms.co,Company Research,,,business|company,low,False,False,False,False,False,854
guidestar-931e8e95,GuideStar,http://www.guidestar.org,guidestar.org,Company Research,,,business|company,low,False,False,False,False,False,855
hoovers-62fd11bb,Hoovers,http://www.hoovers.com,hoovers.com,Company Research,,,business|company,low,False,False,False,False,False,856
inc-5000-43437e52,Inc. 5000,http://www.inc.com/inc5000,inc.com,Company Research,,,business|company,low,False,False,False,False,False,857
judyrecords-4659daee,Judyrecords,https://www.judyrecords.com/,judyrecords.com,Company Research,,Free. Nationwide search of 400 million+ United States court cases.,business|company|free,low,False,False,False,False,False,858
knowledge-guide-to-international-company-registration-b4143fff,Knowledge guide to international company registration,http://www.icaew.com/en/library/subject-gateways/business-management/company-administration/knowledge-guide-international-company-registration,icaew.com,Company Research,,,business|company,low,False,False,False,False,False,859
linkedin-5de05b29,Linkedin,https://www.linkedin.com,linkedin.com,Company Research,,Commonly used social-media platform with a focus on professional profiles and recruitment. Spans a wide variety of industries. Very useful for gathering information on what specific individuals are active within an entity.,business|company,low,False,False,False,False,False,860
mergent-intellect-c9688e08,Mergent Intellect,http://www.mergentintellect.com,mergentintellect.com,Company Research,,,business|company,low,False,False,False,False,False,861
mergent-online-3594d4aa,Mergent Online,http://www.mergentonline.com/login.php,mergentonline.com,Company Research,,,business|company,low,False,False,False,False,False,862
national-company-registers-b0b6993d,National Company Registers,https://en.wikipedia.org/wiki/List_of_company_registers,en.wikipedia.org,Company Research,,,business|company,low,False,False,False,False,False,863
opencorporates-0f213575,OpenCorporates,https://opencorporates.com,opencorporates.com,Company Research,,Global search of registered corporate entities and their associated individual officers or investors.,business|company,low,False,False,False,False,False,864
openownership-register-08814e33,OpenOwnership Register,https://register.openownership.org/,register.openownership.org,Company Research,,,business|company,low,False,False,False,False,False,865
orbis-directory-ff4e6447,Orbis directory,http://orbisdirectory.bvdinfo.com/version-20161014/OrbisDirectory/Companies,orbisdirectory.bvdinfo.com,Company Research,,,business|company,low,False,False,False,False,False,866
overseas-company-registers-08767c39,Overseas Company Registers,https://www.gov.uk/government/publications/overseas-registries/overseas-registries,gov.uk,Company Research,,,business|company,low,False,False,False,False,False,867
plunkett-research-d6686029,Plunkett Research,http://www.plunkettresearchonline.com,plunkettresearchonline.com,Company Research,,,business|company,low,False,False,False,False,False,868
scoot-209d0e16,Scoot,http://www.scoot.co.uk,scoot.co.uk,Company Research,,,business|company,low,False,False,False,False,False,869
section-16-deadline-calculator-a2362994,Section 16 Deadline Calculator,https://github.com/Turner-Levey/section-16-deadline-calculator,github.com,Company Research,,"Open-source browser-only worksheet for common SEC Forms 3, 4, and 5 ownership-reporting deadline planning, with memo and CSV copy outputs.",business|company|open-source,low,False,False,False,False,False,870
semrush-540ca06e,SEMrush,https://www.semrush.com,semrush.com,Company Research,,,business|company,low,False,False,False,False,False,871
serpstat-cdd32da3,Serpstat,https://serpstat.com,serpstat.com,Company Research,,,business|company,low,False,False,False,False,False,872
spyfu-cd79e06e,SpyFu,http://www.spyfu.com,spyfu.com,Company Research,,,business|company,low,False,False,False,False,False,873
thewebco-8ed39085,TheWebCo,https://thewebco.ai,thewebco.ai,Company Research,,The single source of people intelligence.,business|company,guarded,True,False,False,False,False,874
tracxn-9188d2fd,Tracxn,https://tracxn.com,tracxn.com,Company Research,,"Search information about a company such as aquisitions, investors, people, research, etc",business|company,guarded,True,False,False,False,False,875
unicourt-d90d9b62,UniCourt,https://unicourt.com/,unicourt.com,Company Research,,"Limited free searches, premium data upsell. Nationwide search of 100 million+ United States court cases.",business|company|free|paid,low,False,False,False,False,False,876
vault-82dc6fa8,Vault,http://www.vault.com,vault.com,Company Research,,Well-known ranking of largest United States Corporations.,business|company,low,False,False,False,False,False,877
xing-0a16c9aa,Xing,http://www.xing.com,xing.com,Company Research,,,business|company,low,False,False,False,False,False,878
youcontrol-32fef1e9,YouControl,https://youcontrol.com.ua/en/,youcontrol.com.ua,Company Research,,,business|company,low,False,False,False,False,False,879
beyond-18d61a12,Beyond,http://www.beyond.com,beyond.com,Job Search Resources,,,employment|jobs,low,False,False,False,False,False,883
campuscareercenter-e97474be,CampusCareerCenter,http://www.campuscareercenter.com,campuscareercenter.com,Job Search Resources,,,employment|jobs,low,False,False,False,False,False,884
careerbuilder-043fa52b,CareerBuilder,http://www.careerbuilder.com,careerbuilder.com,Job Search Resources,,,employment|jobs,low,False,False,False,False,False,885
college-recruiter-732e7083,College Recruiter,https://www.collegerecruiter.com,collegerecruiter.com,Job Search Resources,,,employment|jobs,low,False,False,False,False,False,886
craiglist-b19d8877,Craiglist,http://losangeles.craigslist.org,losangeles.craigslist.org,Job Search Resources,,,employment|jobs,low,False,False,False,False,False,887
cvfox-46d8e392,CVFox,http://www.cvfox.com,cvfox.com,Job Search Resources,,,employment|jobs,low,False,False,False,False,False,888
dice-621d16fb,Dice,http://www.dice.com,dice.com,Job Search Resources,,,employment|jobs,low,False,False,False,False,False,889
eluta-canada-ac331bf0,Eluta (Canada),http://www.eluta.ca,eluta.ca,Job Search Resources,,,employment|jobs,low,False,False,False,False,False,890
eurojobs-d1c7b81a,Eurojobs,https://www.eurojobs.com,eurojobs.com,Job Search Resources,,,employment|jobs,low,False,False,False,False,False,891
fish4jobs-94f6f3c8,Fish4Jobs,http://www.fish4.co.uk,fish4.co.uk,Job Search Resources,,,employment|jobs,low,False,False,False,False,False,892
glassdoor-b21b59d0,Glassdoor,https://www.glassdoor.com,glassdoor.com,Job Search Resources,,,employment|jobs,low,False,False,False,False,False,893
indeed-a7baa417,Indeed,http://www.indeed.com,indeed.com,Job Search Resources,,"is an online job searching website that gives job seekers free access to search for a job, post their resumes, and research companies.",employment|free|jobs,low,False,False,False,False,False,894
jobs-poland-e941042e,Jobs (Poland),http://www.jobs.pl,jobs.pl,Job Search Resources,,,employment|jobs,low,False,False,False,False,False,895
jobsite-uk-78986207,Jobsite (UK),http://www.jobsite.co.uk,jobsite.co.uk,Job Search Resources,,,employment|jobs,low,False,False,False,False,False,896
linkedin-b553ca16,Linkedin,https://www.linkedin.com,linkedin.com,Job Search Resources,,,employment|jobs,low,False,False,False,False,False,897
monster-1ac2f177,Monster,http://www.monster.com,monster.com,Job Search Resources,,,employment|jobs,low,False,False,False,False,False,898
naukri-india-e0361d3d,Naukri (India),http://www.naukri.com,naukri.com,Job Search Resources,,,employment|jobs,low,False,False,False,False,False,899
recruitem-26282eee,RecruitEm,https://recruitin.net/,recruitin.net,Job Search Resources,,,employment|jobs,low,False,False,False,False,False,900
reed-uk-2f236417,Reed (UK),http://www.reed.co.uk,reed.co.uk,Job Search Resources,,,employment|jobs,low,False,False,False,False,False,901
seek-australia-74907408,Seek (Australia),http://www.seek.com.au,seek.com.au,Job Search Resources,,,employment|jobs,low,False,False,False,False,False,902
simplyhired-823e8410,SimplyHired,http://www.simplyhired.com,simplyhired.com,Job Search Resources,,,employment|jobs,low,False,False,False,False,False,903
xing-66e22d60,Xing,http://www.xing.com,xing.com,Job Search Resources,,,employment|jobs,low,False,False,False,False,False,904
ziprecruiter-3e26769f,ZipRecruiter,https://www.ziprecruiter.com,ziprecruiter.com,Job Search Resources,,,employment|jobs,low,False,False,False,False,False,905
answers-com-4b815002,Answers.com,http://www.answers.com,answers.com,Q&A Sites,,,communities|qa,low,False,False,False,False,False,909
ask-b8f7c5bb,Ask,http://www.ask.com,ask.com,Q&A Sites,,,communities|qa,low,False,False,False,False,False,910
ehow-8a43c418,eHow,http://www.ehow.com,ehow.com,Q&A Sites,,,communities|qa,low,False,False,False,False,False,911
quora-6b73e012,Quora,http://www.quora.com,quora.com,Q&A Sites,,,communities|qa,low,False,False,False,False,False,912
stackexchange-e542f37a,StackExchange,http://stackexchange.com,stackexchange.com,Q&A Sites,,,communities|qa,low,False,False,False,False,False,913
yahoo-answers-4818d8c1,Yahoo Answers,http://answers.yahoo.com,answers.yahoo.com,Q&A Sites,,,communities|qa,low,False,False,False,False,False,914
tool-1c83cce8,Ответы,https://otvet.mail.ru/,otvet.mail.ru,Q&A Sites,,,communities|qa,low,False,False,False,False,False,915
aa419-fake-sites-database-d178f7df,aa419 Fake Sites Database,https://db.aa419.org/fakebankslist.php,db.aa419.org,Domain and IP Research,,"The site lists fraudulent websites, such as fake banks and online scams, identified by the Artists Against 419 community.",dns|domain|infrastructure|ip,guarded,False,False,False,False,False,919
accuranker-66ec7559,Accuranker,https://www.accuranker.com,accuranker.com,Domain and IP Research,,,dns|domain|infrastructure|ip,guarded,False,False,False,False,False,920
ahrefs-bb713bf0,ahrefs,https://ahrefs.com,ahrefs.com,Domain and IP Research,,"A tool for backlink research, organic traffic research, keyword research, content marketing & more.",dns|domain|infrastructure|ip,guarded,False,False,False,False,False,921
azure-tenant-resolution-by-pingcastle-7bd674ac,Azure Tenant Resolution by PingCastle,https://tenantresolution.pingcastle.com,tenantresolution.pingcastle.com,Domain and IP Research,,Search for Azure Tenant using its domain name or its ID,dns|domain|infrastructure|ip,guarded,False,False,False,False,False,922
bgpview-io-a74a9694,Bgpview.io,https://bgpview.io,bgpview.io,Domain and IP Research,,"The website bgpview.io allows you to look up detailed information about ASNs, IPs, and BGP routes on the internet.",asn-bgp|dns|domain|infrastructure|ip,guarded,False,False,False,False,False,923
bing-webmaster-tools-a5becb12,Bing Webmaster Tools,http://www.bing.com/toolbox/webmaster,bing.com,Domain and IP Research,,,dns|domain|infrastructure|ip,guarded,False,False,False,False,False,924
browserling-91042165,Browserling,https://www.browserling.com,browserling.com,Domain and IP Research,,Browserling is an online sandbox that lets users safely test potentially malicious links across browsers and operating systems in real time.,dns|domain|infrastructure|ip,guarded,False,False,False,False,False,925
builtwith-6816cf2c,BuiltWith,http://builtwith.com,builtwith.com,Domain and IP Research,,is a website that will help you find out all the technologies used to build a particular websites.,dns|domain|infrastructure|ip,guarded,False,False,False,False,False,926
central-ops-f5afe891,Central Ops,http://centralops.net,centralops.net,Domain and IP Research,,,dns|domain|infrastructure|ip,guarded,False,False,False,False,False,927
cerast-intelligence-d41959fa,Cerast Intelligence,https://search.cerast-intelligence.com/,search.cerast-intelligence.com,Domain and IP Research,,Searchable archive of exposed panels and misconfigurations found across domains by continuous internet-wide scanning; look up the exposure findings on record for a given domain.,archive|dns|domain|infrastructure|ip,guarded,False,False,False,False,False,928
crawlgraph-fed3d75d,CrawlGraph,https://crawlgraph.com,crawlgraph.com,Domain and IP Research,,"Maps who links to any domain using the open Common Crawl hyperlink graph. Free, no-signup referring-domain and competitor link-footprint lookups for domain research.",dns|domain|free|infrastructure|ip|registration,guarded,False,False,False,False,False,929
crypto-scam-crypto-phishing-url-threat-intel-feed-4a93f52e,Crypto Scam & Crypto Phishing URL Threat Intel Feed,https://github.com/spmedia/Crypto-Scam-and-Crypto-Phishing-Threat-Intel-Feed,github.com,Domain and IP Research,,A fresh feed of crypto phishing and crypto scam websites. Automatically updated daily.,dns|domain|infrastructure|ip|open-source|rss,guarded,False,False,False,False,False,930
dedicated-or-not-74f200b4,Dedicated or Not,http://dedicatedornot.com,dedicatedornot.com,Domain and IP Research,,,dns|domain|infrastructure|ip,guarded,False,False,False,False,False,931
digga-89c5efc1,digga,https://digga.dev,digga.dev,Domain and IP Research,,"Free and open-source domain and infrastructure research toolkit combining DNS, RDAP, WHOIS, passive subdomain discovery, IP and ASN data, email authentication checks, and TLS certificate inspection. No account required.",asn-bgp|certificate|dns|domain|free|infrastructure|ip|open-source|registration|whois,guarded,True,False,False,False,False,932
dns-history-a0a06636,DNS History,https://completedns.com/dns-history/,completedns.com,Domain and IP Research,,,dns|domain|infrastructure|ip,guarded,False,False,False,False,False,933
dnsai-b59032f1,DNSai,https://dnsai.com/dns-tools/,dnsai.com,Domain and IP Research,,"Free DNS, WHOIS, DKIM discovery, SPF/DMARC analysis and blacklist checks with plain-English results, no signup.",dns|domain|free|infrastructure|ip|registration|whois,guarded,False,False,False,False,False,934
dnsdumpster-295ede6f,DNSDumpster,https://dnsdumpster.com,dnsdumpster.com,Domain and IP Research,,is a website that will help you discover hosts related to a specific domain.,dns|domain|infrastructure|ip,guarded,False,False,False,False,False,935
dnsstuff-465fcb2e,DNSStuff,http://www.dnsstuff.com,dnsstuff.com,Domain and IP Research,,,dns|domain|infrastructure|ip,guarded,False,False,False,False,False,936
dnsviz-4787e27a,DNSViz,http://dnsviz.net,dnsviz.net,Domain and IP Research,,,dns|domain|infrastructure|ip,guarded,False,False,False,False,False,937
domain-crawler-de04b6ff,Domain Crawler,http://www.domaincrawler.com,domaincrawler.com,Domain and IP Research,,,dns|domain|infrastructure|ip,guarded,False,False,False,False,False,938
domain-dossier-f3c094dc,Domain Dossier,http://centralops.net/co/DomainDossier.aspx,centralops.net,Domain and IP Research,,,dns|domain|infrastructure|ip,guarded,False,False,False,False,False,939
domain-intelligence-655ae623,Domain Intelligence,https://oti-labs.com/domain-intelligence-api,oti-labs.com,Domain and IP Research,,"Aggregate DNS, WHOIS/RDAP, SSL, subdomains (CT logs + DNS bruteforce), and SPF/DMARC posture in one call. Free tier; MIT.",api|certificate|dns|domain|free|infrastructure|ip|whois,guarded,False,False,False,False,False,940
domainrecon-29809aa2,DomainRecon,https://kriztalz.sh/domain-recon/,kriztalz.sh,Domain and IP Research,,"Retrieve DNS records, subdomains, SSL certificates and WHOIS / RDAP data for a given website.",certificate|dns|domain|infrastructure|ip|whois,guarded,False,False,False,False,False,941
domain-tools-69e19cb2,Domain Tools,http://whois.domaintools.com,whois.domaintools.com,Domain and IP Research,,Whois lookup and domain/ip historical data.,archive|dns|domain|infrastructure|ip|whois,guarded,False,False,False,False,False,942
easy-whois-eebcb675,Easy whois,https://www.easywhois.com,easywhois.com,Domain and IP Research,,,dns|domain|infrastructure|ip|whois,guarded,False,False,False,False,False,943
exonera-tor-c7e3b61b,Exonera Tor,https://exonerator.torproject.org,exonerator.torproject.org,Domain and IP Research,,A database of IP addresses that have been part of the Tor network. It answers the question whether there was a Tor relay running on a given IP address on a given date.,dns|domain|infrastructure|ip,guarded,False,False,False,False,False,944
focsec-6f1c02d7,Focsec,https://focsec.com,focsec.com,Domain and IP Research,,"Threat Intelligence API that detects if a IP address is associated with a VPN, Proxy, TOR or Bots.",api|dns|domain|infrastructure|ip,guarded,False,False,False,False,False,945
follow-net-910b15d0,Follow.net,http://follow.net,follow.net,Domain and IP Research,,,dns|domain|infrastructure|ip,guarded,False,False,False,False,False,946
fullhunt-0cb46ff7,Fullhunt,https://fullhunt.io/,fullhunt.io,Domain and IP Research,,FullHunt is an OSINT tool focused on identifying and protecting internet-exposed assets.,dns|domain|infrastructure|ip,guarded,False,False,False,False,False,947
graphystories-37d050cd,GraphyStories,http://app.graphystories.com,app.graphystories.com,Domain and IP Research,,,dns|domain|infrastructure|ip,guarded,False,False,False,False,False,948
honeylabs-3f5e3dfe,HoneyLabs,https://honeylabs.net,honeylabs.net,Domain and IP Research,,"Free per-IP reports from a distributed honeypot network: what an IP scanned for, matched CVE exploit paths, JA4/JA4H/HASSH client fingerprints, captured payloads and VirusTotal-verified malware it delivered. Queryable anonymously on the web, over a JSON API and via an MCP server.",api|cve|dns|domain|free|infrastructure|ip|malware,guarded,False,False,False,True,False,949
hudson-rock-34d50cf8,Hudson Rock,https://www.hudsonrock.com/threat-intelligence-cybercrime-tools,hudsonrock.com,Domain and IP Research,,is a free cybercrime intelligence toolkit to check exposure in Infostealer malware infection.,dns|domain|free|infrastructure|ip|malware,restricted,False,True,False,True,False,950
hybrid-analysis-195f292d,Hybrid Analysis,https://www.hybrid-analysis.com,hybrid-analysis.com,Domain and IP Research,,Online service for detailed and free analysis of suspicious files and URLs.,dns|domain|free|infrastructure|ip,guarded,False,False,False,False,False,951
hypestat-9d49b642,HypeStat,https://www.hypestat.com,hypestat.com,Domain and IP Research,,,dns|domain|infrastructure|ip,guarded,False,False,False,False,False,952
ip-thc-org-f7ca9167,IP.THC.ORG,https://ip.thc.org/,ip.thc.org,Domain and IP Research,,"Unlimited Reverse DNS, Subdomain and Reverse CNAME lookups, also provides JSON APIs.",dns|domain|infrastructure|ip,guarded,False,False,False,False,False,953
icann-lookup-0b945607,Icann Lookup,https://lookup.icann.org/en/lookup,lookup.icann.org,Domain and IP Research,,The site allows you to look up domain registration information (WHOIS) on the internet,dns|domain|infrastructure|ip|whois,guarded,False,False,False,False,False,954
infosniper-f836124c,Infosniper,http://www.infosniper.net,infosniper.net,Domain and IP Research,,,dns|domain|infrastructure|ip,guarded,False,False,False,False,False,955
ismalicious-45a37e78,isMalicious,https://ismalicious.com,ismalicious.com,Domain and IP Research,,Threat intelligence platform aggregating malicious IP and domain data from multiple security feeds with real-time reputation scoring and threat categorization.,dns|domain|infrastructure|ip|rss,guarded,False,False,False,False,False,956
intodns-ai-1a8fa26f,IntoDNS.ai,https://intodns.ai,intodns.ai,Domain and IP Research,,"AI-powered DNS and email security scanner with SPF, DKIM, DMARC, DNSSEC checks and fix suggestions.",dns|domain|infrastructure|ip,guarded,True,False,False,False,False,957
ip-2-geolocation-f1b51794,IP 2 Geolocation,http://ip2geolocation.com,ip2geolocation.com,Domain and IP Research,,,dns|domain|infrastructure|ip,guarded,False,False,False,False,False,958
ip2location-4437019d,IP2Location,https://www.ip2location.com/demo,ip2location.com,Domain and IP Research,,"A comprehensive IP intelligence database and API for accurate geolocation, ASN mapping, and VPN/Tor/Proxy detection.",api|asn-bgp|dns|domain|infrastructure|ip|mapping,guarded,False,False,False,False,False,959
ip-geolocation-api-db-ip-f00a06ac,IP Geolocation API DB-IP,https://db-ip.com,db-ip.com,Domain and IP Research,,Pprovides IP geolocation and intelligence.,api|dns|domain|infrastructure|ip,guarded,False,False,False,False,False,960
ip2geo-dev-461d21fd,ip2geo.dev,https://ip2geo.dev,ip2geo.dev,Domain and IP Research,,"IP geolocation API providing city, country, timezone, ASN, and currency data from IP addresses.",api|asn-bgp|dns|domain|infrastructure|ip,guarded,False,False,False,False,False,961
ip-checking-b61701ea,IP Checking,http://www.ipchecking.com,ipchecking.com,Domain and IP Research,,,dns|domain|infrastructure|ip,guarded,False,False,False,False,False,962
ip-location-62ddf654,IP Location,https://www.iplocation.net,iplocation.net,Domain and IP Research,,is used for mapping of an IP address or MAC address to the real-world geographic location of an Internet-connected computing or a mobile device.,dns|domain|infrastructure|ip|mapping,guarded,False,False,False,False,False,963
ip-location-io-90f081b4,IP Location.io,https://iplocation.io,iplocation.io,Domain and IP Research,,IPLocation.io allows you to check the location of an IP for free,dns|domain|free|infrastructure|ip,guarded,False,False,False,False,False,964
ipfingerprints-ba02759d,IPFingerprints,http://www.ipfingerprints.com,ipfingerprints.com,Domain and IP Research,,"is used to find the approximate geographic location of an IP address along with some other useful information including ISP, TimeZone, Area Code, State.",dns|domain|infrastructure|ip|mapping,guarded,False,False,False,False,False,965
ipok-563077f4,IPOK,https://ipok.io,ipok.io,Domain and IP Research,,"Free, no-login IP reputation lookup that aggregates up to 8 risk sources, flags residential vs datacenter, and profiles /24 C-block neighbors. Also offers a CLI and a Chrome extension.",cli|dns|domain|free|infrastructure|ip,guarded,False,False,False,False,False,966
ipvoid-6e276fb7,IPVoid,http://www.ipvoid.com,ipvoid.com,Domain and IP Research,,IP address toolset.,dns|domain|infrastructure|ip,guarded,False,False,False,False,False,967
isp-tools-197b8575,ISP.Tools,https://www.isp.tools,isp.tools,Domain and IP Research,,"Is a free platform offering network diagnostic tools (ping, traceroute, MTR, DNS, WHOIS, HTTP, etc.) tailored for ISPs and infrastructure professionals.",dns|domain|free|infrastructure|ip|whois,guarded,False,False,False,False,False,968
kloth-6ddde9c5,Kloth,http://www.kloth.net/services,kloth.net,Domain and IP Research,,,dns|domain|infrastructure|ip,guarded,False,False,False,False,False,969
majestic-1f057a91,Majestic,https://majestic.com,majestic.com,Domain and IP Research,,Find out who links to your website.,dns|domain|infrastructure|ip,guarded,False,False,False,False,False,970
mark-monitor-whois-f553160d,Mark Monitor WHOIS,https://whois-webform.markmonitor.com/whois/,whois-webform.markmonitor.com,Domain and IP Research,,Displays domain registration information.,dns|domain|infrastructure|ip|whois,guarded,False,False,False,False,False,971
maxmind-f25209fc,MaxMind,https://www.maxmind.com,maxmind.com,Domain and IP Research,,,dns|domain|infrastructure|ip,guarded,False,False,False,False,False,972
metadefender-bf7c2e47,MetaDefender,https://metadefender.com,metadefender.com,Domain and IP Research,,"Threat analysis service for URLs, files, certificates, domains, and suspicious hashes.",dns|domain|infrastructure|ip,guarded,False,False,False,False,False,973
netcraft-site-report-99d63d24,Netcraft Site Report,http://toolbar.netcraft.com/site_report?url=undefined#last_reboot,toolbar.netcraft.com,Domain and IP Research,,is an online database that will provide you a report with detail information about a particular website and the history associated with it.,dns|domain|infrastructure|ip,guarded,False,False,False,False,False,974
openlinkprofiler-e703de3c,OpenLinkProfiler,http://www.openlinkprofiler.org/,openlinkprofiler.org,Domain and IP Research,,,dns|domain|infrastructure|ip,guarded,False,False,False,False,False,975
pageglimpse-76a83e75,PageGlimpse,http://www.pageglimpse.com,pageglimpse.com,Domain and IP Research,,,dns|domain|infrastructure|ip,guarded,False,False,False,False,False,976
pentest-tools-com-8ee9e231,Pentest-Tools.com,https://pentest-tools.com/information-gathering/google-hacking,pentest-tools.com,Domain and IP Research,,uses advanced search operators (Google Dorks) to find juicy information about target websites.,dns|domain|infrastructure|ip,guarded,False,False,False,False,False,977
phishstats-ff48a5d4,PhishStats,https://phishstats.info/,phishstats.info,Domain and IP Research,,,dns|domain|infrastructure|ip,guarded,False,False,False,False,False,978
pulsedive-fd77f33d,Pulsedive,https://pulsedive.com,pulsedive.com,Domain and IP Research,,,dns|domain|infrastructure|ip,guarded,False,False,False,False,False,979
qualys-ssl-check-1aea8f93,Qualys SSL Check,https://www.ssllabs.com/ssltest/,ssllabs.com,Domain and IP Research,,SSL Test configuration compliance.,certificate|dns|domain|infrastructure|ip,guarded,False,False,False,False,False,980
quantcast-159d2d3a,Quantcast,https://www.quantcast.com,quantcast.com,Domain and IP Research,,,dns|domain|infrastructure|ip,guarded,False,False,False,False,False,981
quick-sprout-9f65e80a,Quick Sprout,https://www.quicksprout.com,quicksprout.com,Domain and IP Research,,,dns|domain|infrastructure|ip,guarded,False,False,False,False,False,982
redirectdetective-dea3ba6b,RedirectDetective,http://redirectdetective.com,redirectdetective.com,Domain and IP Research,,,dns|domain|infrastructure|ip,guarded,False,False,False,False,False,983
remote-dns-lookup-8bb55fcf,Remote DNS Lookup,https://remote.12dt.com,remote.12dt.com,Domain and IP Research,,,dns|domain|infrastructure|ip,guarded,False,False,False,False,False,984
robtex-aa337691,Robtex,https://www.robtex.com,robtex.com,Domain and IP Research,,"is an IP address and domain name based researching websites that offers multiple services such as Reverse DNS Lookup, Whois, and AS Macros.",dns|domain|infrastructure|ip|whois,guarded,False,False,False,False,False,985
sameid-f4df04a7,SameID,http://sameid.net,sameid.net,Domain and IP Research,,,dns|domain|infrastructure|ip,guarded,False,False,False,False,False,986
securitytrails-5a0b242f,SecurityTrails,https://securitytrails.com/dns-trails,securitytrails.com,Domain and IP Research,,"API to search current and historical DNS records, current and historical WHOIS, technologies used by sites and whois search for phone, email, address, IPs etc.",api|archive|dns|domain|infrastructure|ip|whois,guarded,True,False,False,False,False,987
subdomainradar-io-f4938629,SubDomainRadar.io,https://subdomainradar.io,subdomainradar.io,Domain and IP Research,,"Fast subdomain finder with multiple search modes and the most extensive data sources, offering real-time notifications.",dns|domain|infrastructure|ip,guarded,False,False,False,False,False,988
semrush-ed12f226,SEMrush,https://www.semrush.com,semrush.com,Domain and IP Research,,,dns|domain|infrastructure|ip,guarded,False,False,False,False,False,989
seo-chat-tools-b5f1eab8,SEO Chat Tools,http://tools.seochat.com,tools.seochat.com,Domain and IP Research,,,dns|domain|infrastructure|ip,guarded,False,False,False,False,False,990
seotools-for-excel-68f3b70f,SEOTools for Excel,http://seotoolsforexcel.com,seotoolsforexcel.com,Domain and IP Research,,,dns|domain|infrastructure|ip,guarded,False,False,False,False,False,991
similar-web-bd888d06,Similar Web,https://www.similarweb.com,similarweb.com,Domain and IP Research,,Compare any website traffic statistics & analytics.,dns|domain|infrastructure|ip,guarded,False,False,False,False,False,992
smallseotools-47e702e2,SmallSEOTools,http://smallseotools.com,smallseotools.com,Domain and IP Research,,,dns|domain|infrastructure|ip,guarded,False,False,False,False,False,993
squatm3gator-e5f40d78,Squatm3gator,https://github.com/david3107/squatm3gator,github.com,Domain and IP Research,,Enumerate available domains generated modifying the original domain name through different cybersquatting techniques,dns|domain|infrastructure|ip|open-source,guarded,False,False,False,False,False,994
statscrop-2352bdf3,StatsCrop,http://www.statscrop.com,statscrop.com,Domain and IP Research,,,dns|domain|infrastructure|ip,guarded,False,False,False,False,False,995
tinyscan-6e0735f8,TinyScan,https://www.tiny-scan.com,tiny-scan.com,Domain and IP Research,,"Another powerful URL scan tool that provides comprehensive information about any given URL. Get insights into IP address, location, screenshots, technology stack, performance metrics, and more.",dns|domain|infrastructure|ip,guarded,False,False,False,False,False,996
traceroutevisualizer-7a094728,TracerouteVisualizer,https://kriztalz.sh/traceroute-visualizer/,kriztalz.sh,Domain and IP Research,,An online tool that displays your mtr / traceroute / flyingroutes output on a map for visual analysis.,dns|domain|infrastructure|ip|mapping,guarded,False,False,False,False,False,997
urldna-96282490,urlDNA,https://urldna.io/,urldna.io,Domain and IP Research,,"Unleash website insights! urldna.io analyzes url, monitors brands and track phishing sites.",dns|domain|infrastructure|ip,guarded,False,False,False,False,False,998
urlhaus-0ba3a7a7,URLhaus,https://urlhaus.abuse.ch,urlhaus.abuse.ch,Domain and IP Research,,URLhaus shares malicious URLs to combat malware and botnet threats,dns|domain|infrastructure|ip|malware,guarded,False,False,False,True,False,999
urlquery-a79433e2,urlQuery,http://urlquery.net,urlquery.net,Domain and IP Research,,,dns|domain|infrastructure|ip,guarded,False,False,False,False,False,1000
urlscan-002ef62b,urlscan,https://urlscan.io/,urlscan.io,Domain and IP Research,,is a free service to scan and analyse websites.,dns|domain|free|infrastructure|ip,guarded,False,False,False,False,False,1001
urlvoid-c038583b,URLVoid,http://www.urlvoid.com,urlvoid.com,Domain and IP Research,,Analyzes a website through multiple blacklist engines and online reputation tools to facilitate the detection of fraudulent and malicious websites.,dns|domain|infrastructure|ip,guarded,False,False,False,False,False,1002
validin-d4b2e4ce,Validin,https://app.validin.com/,app.validin.com,Domain and IP Research,,Website and API to search current and historical DNS records for free,api|archive|dns|domain|free|infrastructure|ip,guarded,False,False,False,False,False,1003
verisign-6def7325,Verisign,http://dnssec-debugger.verisignlabs.com,dnssec-debugger.verisignlabs.com,Domain and IP Research,,,dns|domain|infrastructure|ip,guarded,False,False,False,False,False,1004
viewdns-info-712e6501,ViewDNS.info,http://viewdns.info,viewdns.info,Domain and IP Research,,,dns|domain|infrastructure|ip,guarded,False,False,False,False,False,1005
virus-total-120cb79a,Virus Total,https://www.virustotal.com/,virustotal.com,Domain and IP Research,,"Analyse suspicious domains, IPs URLs and files to detect malware and other breaches",dns|domain|infrastructure|ip|malware,guarded,False,True,False,True,False,1006
w3snoop-98a9ae99,w3snoop,http://webboar.com.w3snoop.com,webboar.com.w3snoop.com,Domain and IP Research,,is a website that gives you a free and comprehensive report about a specific website.,dns|domain|free|infrastructure|ip,guarded,False,False,False,False,False,1007
web-check-7ed7ea04,Web-Check,https://web-check.as93.net/,web-check.as93.net,Domain and IP Research,,All-in-one tool for viewing website and server meta data.,dns|domain|infrastructure|ip,guarded,False,False,False,False,False,1008
webmeup-1240b332,WebMeUp,http://webmeup.com,webmeup.com,Domain and IP Research,,"is the Web's freshest and fastest growing backlink index, and the primary source of backlink data for SEO PowerSuite.",dns|domain|infrastructure|ip,guarded,False,False,False,False,False,1009
webscore-04d6c31f,Webscore,https://garvit835.github.io/WebScore/,garvit835.github.io,Domain and IP Research,,Enter a website URL to check its legitimacy.,dns|domain|infrastructure|ip,guarded,False,False,False,False,False,1010
webscout-4f6f21fa,Webscout,https://webscout.io/,webscout.io,Domain and IP Research,,A Swiss Army knife for scaled intelligence and metadata on IP addresses and domains.,dns|domain|exif|infrastructure|ip,guarded,False,False,False,False,False,1011
website-informer-75eb69f3,Website Informer,http://website.informer.com,website.informer.com,Domain and IP Research,,,dns|domain|infrastructure|ip,guarded,False,False,False,False,False,1012
websitetechminer-py-a7163c17,WebsiteTechMiner.py,https://github.com/cybersader/WebsiteTechMiner-py,github.com,Domain and IP Research,,"automates gathering website profiling data into a CSV from the ""BuiltWith"" or ""Wappalyzer"" API for tech stack information, technographic data, website reports, website tech lookups, website architecture lookups, etc.",api|dns|domain|infrastructure|ip|open-source,guarded,False,False,False,False,False,1013
whatismyipaddress-b9861ccf,WhatIsMyIPAddress,http://whatismyipaddress.com,whatismyipaddress.com,Domain and IP Research,,,dns|domain|infrastructure|ip,guarded,False,False,False,False,False,1014
who-is-2d65bc27,Who.is,https://who.is/,who.is,Domain and IP Research,,Domain whois information.,dns|domain|infrastructure|ip|whois,guarded,False,False,False,False,False,1015
whois-arin-online-0c51f099,Whois Arin Online,https://whois.arin.net,whois.arin.net,Domain and IP Research,,is a web service for Whois data contained within ARIN's registration database,dns|domain|infrastructure|ip|whois,guarded,False,False,False,False,False,1016
whoishostingthis-e357d042,WhoIsHostingThis,http://www.whoishostingthis.com,whoishostingthis.com,Domain and IP Research,,,dns|domain|infrastructure|ip,guarded,False,False,False,False,False,1017
whoismind-c594d1b2,WhoisMind,http://www.whoismind.com,whoismind.com,Domain and IP Research,,,dns|domain|infrastructure|ip,guarded,False,False,False,False,False,1018
whoisology-57624c0c,Whoisology,https://whoisology.com,whoisology.com,Domain and IP Research,,,dns|domain|infrastructure|ip,guarded,False,False,False,False,False,1019
whoisrequest-4855a879,WhoIsRequest,http://whoisrequest.com,whoisrequest.com,Domain and IP Research,,,dns|domain|infrastructure|ip,guarded,False,False,False,False,False,1020
wigle-f39c4c6c,WiGLE,https://wigle.net/,wigle.net,Domain and IP Research,,"Wi-fi ""wardriving"" database. Contains a global map containing crowdsourced information on the location, name, and other properties of wi-fi networks. Software available to download to contribute data to the public infoset.",dns|domain|infrastructure|ip|mapping,guarded,False,False,False,False,False,1021
you-get-signal-ac6b98a9,You Get Signal,http://www.yougetsignal.com,yougetsignal.com,Domain and IP Research,,,dns|domain|infrastructure|ip,guarded,False,False,False,False,False,1022
google-adwords-9847c50e,Google Adwords,http://adwords.google.com,adwords.google.com,Keywords Discovery and Research,,Get monthly keyword volume data and stats.,keywords|search,low,False,False,False,False,False,1026
google-trends-5bd45ffa,Google Trends,https://www.google.com/trends,google.com,Keywords Discovery and Research,,See how many users are searching for specific keywords.,keywords|search,low,False,False,False,False,False,1027
keyword-discovery-dcaf38d9,Keyword Discovery,http://www.keyworddiscovery.com,keyworddiscovery.com,Keywords Discovery and Research,,,keywords|search,low,False,False,False,False,False,1028
keyword-spy-7782f553,Keyword Spy,http://www.keywordspy.com,keywordspy.com,Keywords Discovery and Research,,,keywords|search,low,False,False,False,False,False,1029
keywordtool-9777db2e,KeywordTool,http://keywordtool.io,keywordtool.io,Keywords Discovery and Research,,,keywords|search,low,False,False,False,False,False,1030
one-look-reverse-dictionary-6f046095,One Look Reverse Dictionary,http://www.onelook.com/reverse-dictionary.shtml,onelook.com,Keywords Discovery and Research,,,keywords|search,low,False,False,False,False,False,1031
soovle-38b79f20,Soovle,http://www.soovle.com,soovle.com,Keywords Discovery and Research,,,keywords|search,low,False,False,False,False,False,1032
ubersuggest-ed802f27,Ubersuggest,http://ubersuggest.org,ubersuggest.org,Keywords Discovery and Research,,,keywords|search,low,False,False,False,False,False,1033
word-tracker-f86cb39d,Word Tracker,https://www.wordtracker.com,wordtracker.com,Keywords Discovery and Research,,,keywords|search,low,False,False,False,False,False,1034
yandex-wordstat-3dc37ef5,Yandex Wordstat,https://wordstat.yandex.com,wordstat.yandex.com,Keywords Discovery and Research,,,keywords|search,low,False,False,False,False,False,1035
archive-is-81944d76,Archive.is,http://archive.is,archive.is,Web History and Website Capture,,is a website that allows you to archive a snapshot of you websites that will always remains online evenif the original page disappears.,archive|preservation|web-archive,low,False,False,False,False,False,1039
blackwidow-aab8b782,BlackWidow,http://softbytelabs.com/wp/blackwidow/,softbytelabs.com,Web History and Website Capture,,,preservation|web-archive,low,False,False,False,False,False,1040
cashedpages-f856aa2b,CashedPages,http://www.cachedpages.com,cachedpages.com,Web History and Website Capture,,,preservation|web-archive,low,False,False,False,False,False,1041
cachedview-04d5838a,CachedView,http://cachedview.com,cachedview.com,Web History and Website Capture,,,preservation|web-archive,low,False,False,False,False,False,1042
stored-website-f6d0430d,stored.website,https://stored.website,stored.website,Web History and Website Capture,,,preservation|web-archive,low,False,False,False,False,False,1043
wayback-machine-5e0c19d6,Wayback Machine,https://web.archive.org/,web.archive.org,Web History and Website Capture,,Explore the history of a website.,archive|preservation|web-archive,low,False,False,False,False,False,1044
wayback-machine-archiver-0169b809,Wayback Machine Archiver,https://github.com/jsvine/waybackpack,github.com,Web History and Website Capture,,,archive|open-source|preservation|web-archive,low,False,False,False,False,False,1045
wayback-archive-8bf7678d,Wayback-Archive,https://github.com/GeiserX/Wayback-Archive,github.com,Web History and Website Capture,,Download complete websites from the Wayback Machine with full asset preservation for offline viewing.,archive|open-source|preservation|web-archive,low,False,False,False,False,False,1046
waybackpy-bd086cfe,waybackpy,https://github.com/akamhy/waybackpy,github.com,Web History and Website Capture,,Python package & CLI tool that interfaces the Wayback Machine APIs.,archive|cli|open-source|preservation|web-archive,guarded,True,False,False,False,False,1047
baidu-images-7f0fd82a,Baidu Images,https://image.baidu.com,image.baidu.com,Image Search,,,image|reverse-image,low,False,False,False,False,False,1055
betaface-ac49dd3c,Betaface,https://www.betaface.com/demo.html,betaface.com,Image Search,,,image|reverse-image,guarded,True,False,False,False,True,1056
bing-images-f30c34f3,Bing Images,https://www.bing.com/images,bing.com,Image Search,,,image|reverse-image,low,False,False,False,False,False,1057
clarify-aae018df,Clarify,https://clarify.io,clarify.io,Image Search,,,image|reverse-image,low,False,False,False,False,False,1058
dupli-checker-68c90034,Dupli Checker,https://www.duplichecker.com/reverse-image-search.php,duplichecker.com,Image Search,,You can search for an image by uploading + with URL or typing the keyword or any word you want to explore related to images.,image|reverse-image,low,False,False,False,False,False,1059
facecheck-id-a79a3f89,FaceCheck.ID,https://facecheck.id,facecheck.id,Image Search,,Facial recognition search engine.,image|reverse-image,restricted,True,False,False,False,True,1060
faceagle-196215a5,Faceagle,https://faceagle.com/,faceagle.com,Image Search,,Faceagle is a face recognition search engine.,image|reverse-image,restricted,True,False,False,False,True,1061
flickr-1190fa34,Flickr,https://flickr.com/search/,flickr.com,Image Search,,,image|reverse-image,low,False,False,False,False,False,1062
geospyer-69d46a35,GeoSpyer,https://github.com/atiilla/geospy,github.com,Image Search,,Python tool using Graylark's AI-powered geo-location service to uncover the location where photos were taken.,image|open-source|reverse-image,low,False,False,False,False,False,1063
google-image-b2b48ba6,Google Image,https://images.google.com,images.google.com,Image Search,,,image|reverse-image,low,False,False,False,False,False,1064
google-lens-cf596de2,Google Lens,https://lens.google.com/,lens.google.com,Image Search,,,image|reverse-image,low,False,False,False,False,False,1065
image-identification-project-bcfd22c1,Image Identification Project,https://www.imageidentify.com,imageidentify.com,Image Search,,,image|reverse-image,low,False,False,False,False,False,1066
image-raider-566bd871,Image Raider,https://www.imageraider.com,imageraider.com,Image Search,,"is our reverse image search tool for completing individual searches. When you upload an image to this page, we'll scour the internet to find its source and all of the other pages where it has been posted.",image|reverse-image|reverse-search,low,False,False,False,False,False,1067
kartavision-a8dda7cb,KartaVision,https://kartavision.com/,kartavision.com,Image Search,,search engine for KartaView imagery. It supports natural-language search and search by image,image|reverse-image,low,False,False,False,False,False,1068
lenso-ai-960f81eb,Lenso.ai,https://lenso.ai,lenso.ai,Image Search,,"Reverse image search tool with facial recognition, created for finding people, similar images, copies of photos, identical places and more.",image|reverse-image|reverse-search,restricted,True,False,False,False,True,1069
lycos-image-search-b281357b,Lycos Image Search,https://search.lycos.com,search.lycos.com,Image Search,,,image|reverse-image,low,False,False,False,False,False,1070
photobucket-f3ac7828,PhotoBucket,https://photobucket.com,photobucket.com,Image Search,,,image|reverse-image,low,False,False,False,False,False,1071
pictriev-2bd24e87,PicTriev,http://www.pictriev.com,pictriev.com,Image Search,,a face search engine.,image|reverse-image,restricted,True,False,False,False,True,1072
pimeyes-5869563b,PimEyes,https://pimeyes.com,pimeyes.com,Image Search,,an online face search engine that goes through the Internet to find pictures containing given faces.,image|reverse-image,restricted,True,False,False,False,True,1073
pixsy-d6e92552,Pixsy,https://www.pixsy.com/,pixsy.com,Image Search,,Take back control of your images. See where & how your images are being used online!,image|reverse-image,low,False,False,False,False,False,1074
search4faces-1c145717,Search4faces,https://search4faces.com/,search4faces.com,Image Search,,a service for searching people on the Internet by photo.,image|reverse-image,restricted,True,False,False,False,True,1075
surfface-26bba4de,Surfface,https://surfface.com,surfface.com,Image Search,,face search and people finder indexing social profiles and public images from social media and the web.,image|reverse-image,restricted,True,False,False,False,True,1076
tineye-74464674,TinEye,https://tineye.com,tineye.com,Image Search,,Reverse image search engine.,image|reverse-image|reverse-search,low,False,False,False,False,False,1077
yahoo-image-search-a8fd815d,Yahoo Image Search,https://images.search.yahoo.com,images.search.yahoo.com,Image Search,,,image|reverse-image,low,False,False,False,False,False,1078
yandex-images-4a83a236,Yandex Images,https://www.yandex.com/images,yandex.com,Image Search,,,image|reverse-image,low,False,False,False,False,False,1079
chronoverify-36231a36,ChronoVerify,https://chronoverify.com,chronoverify.com,Image Analysis,,"API and free web tool that reads EXIF and XMP, validates C2PA Content Credentials against official trust lists, and runs classical pixel forensics, returning one typed verdict for any image.",api|exif|forensics|free|image|metadata,restricted,False,True,False,False,False,1083
diffchecker-57f49a3e,DiffChecker,https://www.diffchecker.com/image-diff/,diffchecker.com,Image Analysis,,,forensics|image|metadata,low,False,False,False,False,False,1084
exifeditor-io-6cc88b9d,EXIFEditor.io,https://exifeditor.io,exifeditor.io,Image Analysis,,"In-browser EXIF image metadata editor, viewer, and analysis tool.",exif|forensics|image|metadata,low,False,False,False,False,False,1085
exiflooter-567bffa2,ExifLooter,https://github.com/aydinnyunus/exiflooter,github.com,Image Analysis,,,forensics|image|metadata|open-source,low,False,False,False,False,False,1086
exiftool-943d7455,ExifTool,http://www.sno.phy.queensu.ca/~phil/exiftool,sno.phy.queensu.ca,Image Analysis,,,forensics|image|metadata,low,False,False,False,False,False,1087
forensically-6861b022,Forensically,https://29a.ch/photo-forensics/,29a.ch,Image Analysis,,,forensics|image|metadata,low,False,False,False,False,False,1088
fotoforensics-68b2dcdf,FotoForensics,http://www.fotoforensics.com,fotoforensics.com,Image Analysis,,,forensics|image|metadata,low,False,False,False,False,False,1089
geospy-f21c24f1,GeoSpy,https://geospy.web.app/,geospy.web.app,Image Analysis,,AI based image osint tool,forensics|image|metadata,low,False,False,False,False,False,1090
imgops-c038d947,ImgOps,https://imgops.com/,imgops.com,Image Analysis,,,forensics|image|metadata,low,False,False,False,False,False,1091
impulseadventure-3c873233,ImpulseAdventure,http://www.impulseadventure.com/photo/jpeg-snoop.html,impulseadventure.com,Image Analysis,,,forensics|image|metadata,low,False,False,False,False,False,1092
jeffreys-image-metadata-viewer-f25b2411,Jeffreys Image Metadata Viewer,http://exif.regex.info/,exif.regex.info,Image Analysis,,,exif|forensics|image|metadata,low,False,False,False,False,False,1093
jimpl-6c98920e,JIMPL,https://jimpl.com/,jimpl.com,Image Analysis,,Online EXIF data viewer,exif|forensics|image|metadata,low,False,False,False,False,False,1094
jpegsnoop-73c8ee66,JPEGsnoop,https://sourceforge.net/projects/jpegsnoop,sourceforge.net,Image Analysis,,,forensics|image|metadata,low,False,False,False,False,False,1095
metadata-viewer-e14947f5,Metadata Viewer,https://kriztalz.sh/metadata-viewer/,kriztalz.sh,Image Analysis,,Online EXIF data viewer.,exif|forensics|image|metadata,low,False,False,False,False,False,1096
profileimageintel-591f548a,ProfileImageIntel,https://profileimageintel.com/,profileimageintel.com,Image Analysis,,Social media and WhatsApp profile image tool to find when a profile image was uploaded.,forensics|image|metadata,low,False,False,False,False,False,1097
tracepoint-be70a99d,TracePoint,https://kluter.github.io/TracePoint/,kluter.github.io,Image Analysis,,"Geolocate the origin point of a photograph using geometric ray intersection. Client-side, no uploads.",forensics|image|metadata,low,False,False,False,False,False,1098
archivarix-tube-search-87e45421,Archivarix Tube Search,https://tube.archivarix.net/,tube.archivarix.net,Video Search and Other Video Tools,,"Search engine for finding deleted, removed, and unavailable YouTube videos.",verification|video,low,False,False,False,False,False,1102
audiencecue-359b81bb,AudienceCue,https://audiencecue.com/en/tools/youtube-comment-downloader,audiencecue.com,Video Search and Other Video Tools,,Downloads the latest public YouTube video or Shorts comments as CSV for research workflows.,verification|video,low,False,False,False,False,False,1103
bing-videos-5a2d4030,Bing Videos,http://www.bing.com/?scope=video,bing.com,Video Search and Other Video Tools,,,verification|video,low,False,False,False,False,False,1104
clarify-304c1c2b,Clarify,http://clarify.io,clarify.io,Video Search and Other Video Tools,,,verification|video,low,False,False,False,False,False,1105
clip-blast-fe93198c,Clip Blast,http://www.clipblast.com,clipblast.com,Video Search and Other Video Tools,,,verification|video,low,False,False,False,False,False,1106
dailymotion-1faa91e6,DailyMotion,http://www.dailymotion.com,dailymotion.com,Video Search and Other Video Tools,,,verification|video,low,False,False,False,False,False,1107
deturl-63e1cdff,Deturl,http://deturl.com,deturl.com,Video Search and Other Video Tools,,Download a YouTube video from any web page.,verification|video,low,False,False,False,False,False,1108
downloadhelper-c67e1620,DownloadHelper,http://www.downloadhelper.net,downloadhelper.net,Video Search and Other Video Tools,,"Download any video from any websites, it just works!",verification|video,low,False,False,False,False,False,1109
earthcam-007ddde0,Earthcam,http://www.earthcam.com,earthcam.com,Video Search and Other Video Tools,,EarthCam is the leading network of live streaming webcams for tourism and entertainment.,verification|video,low,False,False,False,False,False,1110
filmot-ba078081,Filmot,https://filmot.com/,filmot.com,Video Search and Other Video Tools,,Search within YouTube subtitles. Indexing over 573 million captions across 528 million videos and 45 million channels.,verification|video,low,False,False,False,False,False,1111
find-youtube-video-7ddcba36,Find YouTube Video,https://findyoutubevideo.thetechrobo.ca/,findyoutubevideo.thetechrobo.ca,Video Search and Other Video Tools,,"Searches currently 5 YouTube archives for specific videos by ID, which is really useful for finding deleted or private YouTube videos.",archive|verification|video,low,False,False,False,False,False,1112
frame-by-frame-226ec23e,Frame by Frame,https://chrome.google.com/webstore/detail/frame-by-frame/cclnaabdfgnehogonpeddbgejclcjneh/,chrome.google.com,Video Search and Other Video Tools,,Browser plugin that allows you to watch YouTube videos frame by frame.,verification|video,low,False,False,False,False,False,1113
geosearch-8141bfba,Geosearch,http://www.geosearchtool.com,geosearchtool.com,Video Search and Other Video Tools,,,verification|video,low,False,False,False,False,False,1114
insecam-60baea07,Insecam,http://insecam.org/,insecam.org,Video Search and Other Video Tools,,Live cameras directory,verification|video,low,False,False,False,False,False,1115
internet-archive-open-source-videos-2d4e3c80,Internet Archive: Open Source Videos,https://archive.org/details/opensource_movies,archive.org,Video Search and Other Video Tools,,,archive|open-source|verification|video,low,False,False,False,False,False,1116
metacafe-f970a91e,Metacafe,http://www.metacafe.com,metacafe.com,Video Search and Other Video Tools,,,verification|video,low,False,False,False,False,False,1117
metatube-60b1c781,Metatube,http://www.metatube.com,metatube.com,Video Search and Other Video Tools,,,verification|video,low,False,False,False,False,False,1118
tubuep-edfe4d94,Tubuep,https://github.com/bibanon/tubeup,github.com,Video Search and Other Video Tools,,"Downloads online videos via yt-dlp, then reuploads them to the Internet Archive for preservation. Note: if you would like to archive comments too, you need to install version 0.0.33 and use the --get-comments flag, however you will still have the new yt-dlp fixes and features, but existing tubeup bugs cannot be fixed, unless you do manual work.",archive|open-source|verification|video,low,False,False,False,False,False,1119
veoh-a6b9f323,Veoh,http://www.veoh.com,veoh.com,Video Search and Other Video Tools,,,verification|video,low,False,False,False,False,False,1120
video-stabilization-methods-e0b32f8e,Video Stabilization Methods,https://github.com/yaochih/awesome-video-stabilization,github.com,Video Search and Other Video Tools,,,open-source|verification|video,low,False,False,False,False,False,1121
vimeo-405b6692,Vimeo,https://vimeo.com,vimeo.com,Video Search and Other Video Tools,,,verification|video,low,False,False,False,False,False,1122
yahoo-video-search-ad87e440,Yahoo Video Search,http://video.search.yahoo.com,video.search.yahoo.com,Video Search and Other Video Tools,,,verification|video,low,False,False,False,False,False,1123
youtube-geofind-d6638c8b,YouTube Geofind,https://mattw.io/youtube-geofind/,mattw.io,Video Search and Other Video Tools,,,verification|video,low,False,False,False,False,False,1124
youtube-metadata-f1fd9886,YouTube Metadata,https://mattw.io/youtube-metadata/,mattw.io,Video Search and Other Video Tools,,,exif|verification|video,low,False,False,False,False,False,1125
youtube-fc1fd551,YouTube,https://www.youtube.com,youtube.com,Video Search and Other Video Tools,,,verification|video,low,False,False,False,False,False,1126
yt-dlp-372f3f50,yt-dlp,https://github.com/yt-dlp/yt-dlp/,github.com,Video Search and Other Video Tools,,"Downloads videos from almost any online platform, along with information, thumbnails, subtitles, descriptions, and comments (comments only on a select few sites like Youtube and a few small sites). If a site is not supported, or a useful or crucial piece of metadata, including comments, is missing, create an issue.",exif|open-source|verification|video,low,False,False,False,False,False,1127
academia-c59d24c9,Academia,https://www.academia.edu,academia.edu,Academic Resources and Grey Literature,,,academic|grey-literature,low,False,False,False,False,False,1131
academic-journals-4164ba9d,Academic Journals,http://www.academicjournals.org,academicjournals.org,Academic Resources and Grey Literature,,,academic|grey-literature,low,False,False,False,False,False,1132
african-journal-online-da27a792,African Journal Online,http://www.ajol.info,ajol.info,Academic Resources and Grey Literature,,is the world's largest and preeminent platform of African-published scholarly journals,academic|grey-literature,low,False,False,False,False,False,1133
american-society-of-civil-engineers-07a7d256,American Society of Civil Engineers,http://ascelibrary.org,ascelibrary.org,Academic Resources and Grey Literature,,,academic|grey-literature,low,False,False,False,False,False,1134
base-0bd5623d,Base,http://www.base-search.net,base-search.net,Academic Resources and Grey Literature,,,academic|grey-literature,low,False,False,False,False,False,1135
bibsonomy-2d45014f,Bibsonomy,http://www.bibsonomy.org,bibsonomy.org,Academic Resources and Grey Literature,,,academic|grey-literature,low,False,False,False,False,False,1136
core-fe33ab53,Core,https://core.ac.uk/search,core.ac.uk,Academic Resources and Grey Literature,,,academic|grey-literature,low,False,False,False,False,False,1137
elsevier-71793df6,Elsevier,https://www.elsevier.com,elsevier.com,Academic Resources and Grey Literature,,,academic|grey-literature,low,False,False,False,False,False,1138
google-scholar-137c7fd8,Google Scholar,https://scholar.google.com,scholar.google.com,Academic Resources and Grey Literature,,,academic|grey-literature,low,False,False,False,False,False,1139
grey-guide-0daba275,Grey Guide,http://greyguide.isti.cnr.it,greyguide.isti.cnr.it,Academic Resources and Grey Literature,,,academic|grey-literature,low,False,False,False,False,False,1140
grey-literature-strategies-481539b3,Grey Literature Strategies,http://greylitstrategies.info,greylitstrategies.info,Academic Resources and Grey Literature,,,academic|grey-literature,low,False,False,False,False,False,1141
grey-literature-list-of-gateways-c7b68289,Grey Literature – List of Gateways,http://csulb.libguides.com/graylit,csulb.libguides.com,Academic Resources and Grey Literature,,,academic|grey-literature,low,False,False,False,False,False,1142
greynet-international-914678b0,GreyNet International,http://www.greynet.org,greynet.org,Academic Resources and Grey Literature,,,academic|grey-literature,low,False,False,False,False,False,1143
highwire-free-online-full-text-articles-c5ac99ed,HighWire: Free Online Full-text Articles,http://highwire.stanford.edu/lists/freeart.dtl,highwire.stanford.edu,Academic Resources and Grey Literature,,,academic|free|grey-literature,low,False,False,False,False,False,1144
journal-guide-e3329a08,Journal Guide,https://www.journalguide.com,journalguide.com,Academic Resources and Grey Literature,,,academic|grey-literature,low,False,False,False,False,False,1145
journal-seek-ba9a4189,Journal Seek,http://journalseek.net,journalseek.net,Academic Resources and Grey Literature,,,academic|grey-literature,low,False,False,False,False,False,1146
jstor-958e9114,JSTOR,http://www.jstor.org,jstor.org,Academic Resources and Grey Literature,,"Search over 10 million academic journal articles, books, and primary sources.",academic|grey-literature,low,False,False,False,False,False,1147
lazy-scholar-2e746401,Lazy Scholar,http://www.lazyscholar.org,lazyscholar.org,Academic Resources and Grey Literature,,,academic|grey-literature,low,False,False,False,False,False,1148
leibniz-information-centre-for-science-and-technology-univer-0f41fc76,Leibniz Information Centre For Science and Technology University Library,https://www.tib.eu/en/search-discover/,tib.eu,Academic Resources and Grey Literature,,indexes all reports of German publicly funded projects and many scientific papers.,academic|grey-literature,low,False,False,False,False,False,1149
microsoft-academic-96bc7200,Microsoft Academic,http://academic.research.microsoft.com,academic.research.microsoft.com,Academic Resources and Grey Literature,,,academic|grey-literature,low,False,False,False,False,False,1150
nrc-research-press-bf155716,NRC Research Press,http://www.nrcresearchpress.com,nrcresearchpress.com,Academic Resources and Grey Literature,,,academic|grey-literature,low,False,False,False,False,False,1151
open-access-scientific-journals-05c35d7c,Open Access Scientific Journals,http://www.pagepress.org,pagepress.org,Academic Resources and Grey Literature,,,academic|grey-literature,low,False,False,False,False,False,1153
open-grey-33661219,Open Grey,http://www.opengrey.eu,opengrey.eu,Academic Resources and Grey Literature,,,academic|grey-literature,low,False,False,False,False,False,1154
oxford-journals-154b41a2,Oxford Journals,http://www.oxfordjournals.org,oxfordjournals.org,Academic Resources and Grey Literature,,,academic|grey-literature,low,False,False,False,False,False,1155
pubmed-b99f68a8,PubMed,http://www.ncbi.nlm.nih.gov/pubmed,ncbi.nlm.nih.gov,Academic Resources and Grey Literature,,"Search more than 27 millions citations for biomedical literature from MEDLINE, life science journals, and online books.",academic|grey-literature,low,False,False,False,False,False,1156
quetzal-search-4a588346,Quetzal Search,https://www.quetzal-search.info,quetzal-search.info,Academic Resources and Grey Literature,,,academic|grey-literature,low,False,False,False,False,False,1157
research-gate-b62041b3,Research Gate,http://www.researchgate.net,researchgate.net,Academic Resources and Grey Literature,,,academic|grey-literature,low,False,False,False,False,False,1158
sage-journals-a8013fa6,SAGE Journals,http://online.sagepub.com,online.sagepub.com,Academic Resources and Grey Literature,,,academic|grey-literature,low,False,False,False,False,False,1159
science-publications-0da3b1e3,Science Publications,http://www.thescipub.com,thescipub.com,Academic Resources and Grey Literature,,,academic|grey-literature,low,False,False,False,False,False,1160
sciencedirect-1159adba,ScienceDirect,http://www.sciencedirect.com,sciencedirect.com,Academic Resources and Grey Literature,,,academic|grey-literature,low,False,False,False,False,False,1161
sciencedomain-f6e73a2e,ScienceDomain,http://www.sciencedomain.org,sciencedomain.org,Academic Resources and Grey Literature,,,academic|grey-literature,low,False,False,False,False,False,1162
scirp-01c5f22d,SCIRP,http://www.scirp.org,scirp.org,Academic Resources and Grey Literature,,,academic|grey-literature,low,False,False,False,False,False,1163
springer-329a4197,Springer,http://link.springer.com,link.springer.com,Academic Resources and Grey Literature,,,academic|grey-literature,low,False,False,False,False,False,1164
taylor-francis-online-32eefbae,Taylor & Francis Online,http://www.tandfonline.com,tandfonline.com,Academic Resources and Grey Literature,,,academic|grey-literature,low,False,False,False,False,False,1165
the-open-syllabus-project-be1fcf22,The Open Syllabus Project,http://opensyllabusproject.org/,opensyllabusproject.org,Academic Resources and Grey Literature,,,academic|grey-literature,low,False,False,False,False,False,1166
wiley-2c70208a,Wiley,https://www.wiley.com,wiley.com,Academic Resources and Grey Literature,,,academic|grey-literature,low,False,False,False,False,False,1167
world-digital-library-b893a269,World Digital Library,http://www.wdl.org,wdl.org,Academic Resources and Grey Literature,,,academic|grey-literature,low,False,False,False,False,False,1168
world-science-cf1037ee,World Science,http://worldwidescience.org,worldwidescience.org,Academic Resources and Grey Literature,,,academic|grey-literature,low,False,False,False,False,False,1169
zetoc-679795de,Zetoc,http://zetoc.jisc.ac.uk,zetoc.jisc.ac.uk,Academic Resources and Grey Literature,,,academic|grey-literature,low,False,False,False,False,False,1170
apify-s-google-maps-scraper-bbd54864,Apify's Google Maps Scraper,https://apify.com/compass/crawler-google-places,apify.com,Geospatial Research and Mapping Tools,,,geolocation|geospatial|mapping|maps,low,False,False,False,False,False,1175
arcgis-66b2428a,ArcGIS,https://livingatlas.arcgis.com/en/browse/,livingatlas.arcgis.com,Geospatial Research and Mapping Tools,,,geolocation|geospatial|mapping|maps,low,False,False,False,False,False,1176
atlas-5b194bdb,Atlas,https://atlas.co,atlas.co,Geospatial Research and Mapping Tools,,,geolocation|geospatial|mapping|maps,low,False,False,False,False,False,1177
atlasify-a5de205d,Atlasify,http://www.atlasify.com,atlasify.com,Geospatial Research and Mapping Tools,,,geolocation|geospatial|mapping|maps,low,False,False,False,False,False,1178
baidu-maps-3bf7e960,Baidu Maps,https://map.baidu.com/,map.baidu.com,Geospatial Research and Mapping Tools,,,geolocation|geospatial|mapping|maps,low,False,False,False,False,False,1179
batchgeo-39893d15,Batchgeo,http://batchgeo.com,batchgeo.com,Geospatial Research and Mapping Tools,,,geolocation|geospatial|mapping|maps,low,False,False,False,False,False,1180
bing-maps-ca752fd1,Bing Maps,http://www.bing.com/maps,bing.com,Geospatial Research and Mapping Tools,,,geolocation|geospatial|mapping|maps,low,False,False,False,False,False,1181
cartodb-7b07082b,CartoDB,https://cartodb.com,cartodb.com,Geospatial Research and Mapping Tools,,,geolocation|geospatial|mapping|maps,low,False,False,False,False,False,1182
colorbrewer-2e58e196,Colorbrewer,http://colorbrewer2.org,colorbrewer2.org,Geospatial Research and Mapping Tools,,,geolocation|geospatial|mapping|maps,low,False,False,False,False,False,1183
crowdmap-8bc616b4,CrowdMap,https://crowdmap.com,crowdmap.com,Geospatial Research and Mapping Tools,,,geolocation|geospatial|mapping|maps,low,False,False,False,False,False,1184
digikam-53ed4db1,digiKam,https://www.digikam.org/,digikam.org,Geospatial Research and Mapping Tools,,,geolocation|geospatial|mapping|maps,low,False,False,False,False,False,1185
dominoc925-6705c2b5,Dominoc925,https://dominoc925-pages.appspot.com/mapplets/cs_mgrs.html,dominoc925-pages.appspot.com,Geospatial Research and Mapping Tools,,,geolocation|geospatial|mapping|maps,low,False,False,False,False,False,1186
dualmaps-74d830b7,DualMaps,https://www.mapchannels.com/dualmaps7/map.htm,mapchannels.com,Geospatial Research and Mapping Tools,,,geolocation|geospatial|mapping|maps,low,False,False,False,False,False,1187
esri-90c5e0a9,Esri,http://www.esri.com,esri.com,Geospatial Research and Mapping Tools,,,geolocation|geospatial|mapping|maps,low,False,False,False,False,False,1188
flash-earth-268c3576,Flash Earth,http://www.flashearth.com,flashearth.com,Geospatial Research and Mapping Tools,,,geolocation|geospatial|mapping|maps,low,False,False,False,False,False,1189
geogig-d6f20870,GeoGig,http://geogig.org,geogig.org,Geospatial Research and Mapping Tools,,,geolocation|geospatial|mapping|maps,low,False,False,False,False,False,1190
geoinfer-1e793b2c,GeoInfer,https://geoinfer.com,geoinfer.com,Geospatial Research and Mapping Tools,,"Image geolocation tool, no EXIF data required.",exif|geolocation|geospatial|mapping|maps,low,False,False,False,False,False,1191
reverseimagelocation-51dfaf59,ReverseImageLocation,https://reverseimagelocation.com,reverseimagelocation.com,Geospatial Research and Mapping Tools,,AI-powered geolocation tool for identifying locations from images.,geolocation|geospatial|mapping|maps,low,False,False,False,False,False,1192
geonames-7e063185,GeoNames,http://www.geonames.org,geonames.org,Geospatial Research and Mapping Tools,,,geolocation|geospatial|mapping|maps,low,False,False,False,False,False,1193
google-earth-pro-3eff14f8,Google Earth Pro,https://www.google.com/intl/en/earth/versions/#earth-pro,google.com,Geospatial Research and Mapping Tools,,,geolocation|geospatial|mapping|maps,low,False,False,False,False,False,1194
google-earth-707febef,Google Earth,http://www.google.com/earth,google.com,Geospatial Research and Mapping Tools,,,geolocation|geospatial|mapping|maps,low,False,False,False,False,False,1195
google-maps-4458db9b,Google Maps,https://www.google.com/maps,google.com,Geospatial Research and Mapping Tools,,,geolocation|geospatial|mapping|maps,low,False,False,False,False,False,1196
google-my-maps-a0acaf76,Google My Maps,https://www.google.com/maps/about/mymaps,google.com,Geospatial Research and Mapping Tools,,,geolocation|geospatial|mapping|maps,low,False,False,False,False,False,1197
gpsvisualizer-0f8fb920,GPSVisualizer,http://www.gpsvisualizer.com,gpsvisualizer.com,Geospatial Research and Mapping Tools,,,geolocation|geospatial|mapping|maps,low,False,False,False,False,False,1198
grassgis-a858ea8b,GrassGIS,http://grass.osgeo.org,grass.osgeo.org,Geospatial Research and Mapping Tools,,,geolocation|geospatial|mapping|maps,low,False,False,False,False,False,1199
here-a507aff8,Here,http://here.com,here.com,Geospatial Research and Mapping Tools,,,geolocation|geospatial|mapping|maps,low,False,False,False,False,False,1200
hyperlapse-7bde74d6,Hyperlapse,https://github.com/TeehanLax/Hyperlapse.js,github.com,Geospatial Research and Mapping Tools,,,geolocation|geospatial|mapping|maps|open-source,low,False,False,False,False,False,1201
inspire-geoportal-0f270430,Inspire Geoportal,http://inspire-geoportal.ec.europa.eu,inspire-geoportal.ec.europa.eu,Geospatial Research and Mapping Tools,,,geolocation|geospatial|mapping|maps,low,False,False,False,False,False,1202
instant-google-street-view-559b430a,Instant Google Street View,http://www.instantstreetview.com,instantstreetview.com,Geospatial Research and Mapping Tools,,,geolocation|geospatial|mapping|maps,low,False,False,False,False,False,1203
instantatlas-84717204,InstantAtlas,http://www.instantatlas.com,instantatlas.com,Geospatial Research and Mapping Tools,,,geolocation|geospatial|mapping|maps,low,False,False,False,False,False,1204
kartaview-0ea73567,KartaView,https://kartaview.org/map/,kartaview.org,Geospatial Research and Mapping Tools,,,geolocation|geospatial|mapping|maps,low,False,False,False,False,False,1205
kartograph-167928ae,Kartograph,http://kartograph.org,kartograph.org,Geospatial Research and Mapping Tools,,,geolocation|geospatial|mapping|maps,low,False,False,False,False,False,1206
leaflet-47df4894,Leaflet,http://leafletjs.com,leafletjs.com,Geospatial Research and Mapping Tools,,,geolocation|geospatial|mapping|maps,low,False,False,False,False,False,1207
liveuamap-2a16bfcf,Liveuamap,https://liveuamap.com/,liveuamap.com,Geospatial Research and Mapping Tools,,,geolocation|geospatial|mapping|maps,low,False,False,False,False,False,1208
map-maker-f6b52997,Map Maker,https://maps.co,maps.co,Geospatial Research and Mapping Tools,,,geolocation|geospatial|mapping|maps,low,False,False,False,False,False,1209
mapalist-1eca75ba,MapAList,http://mapalist.com,mapalist.com,Geospatial Research and Mapping Tools,,,geolocation|geospatial|mapping|maps,low,False,False,False,False,False,1210
mapbox-b4e26e52,MapBox,https://www.mapbox.com,mapbox.com,Geospatial Research and Mapping Tools,,,geolocation|geospatial|mapping|maps,low,False,False,False,False,False,1211
mapchart-net-788eaa2b,Mapchart.net,https://mapchart.net,mapchart.net,Geospatial Research and Mapping Tools,,,geolocation|geospatial|mapping|maps,low,False,False,False,False,False,1212
mapchecking-f48adf43,MapChecking,https://www.mapchecking.com/,mapchecking.com,Geospatial Research and Mapping Tools,,,geolocation|geospatial|mapping|maps,low,False,False,False,False,False,1213
maperitive-c1547486,Maperitive,http://maperitive.net,maperitive.net,Geospatial Research and Mapping Tools,,,geolocation|geospatial|mapping|maps,low,False,False,False,False,False,1214
maphub-3d8a1cf2,MapHub,https://maphub.net,maphub.net,Geospatial Research and Mapping Tools,,,geolocation|geospatial|mapping|maps,low,False,False,False,False,False,1215
mapillary-197c141e,Mapillary,https://www.mapillary.com/app/,mapillary.com,Geospatial Research and Mapping Tools,,,geolocation|geospatial|mapping|maps,low,False,False,False,False,False,1216
mapjam-aa1b7edf,MapJam,http://mapjam.com,mapjam.com,Geospatial Research and Mapping Tools,,,geolocation|geospatial|mapping|maps,low,False,False,False,False,False,1217
mapline-9934bf0a,Mapline,https://mapline.com,mapline.com,Geospatial Research and Mapping Tools,,,geolocation|geospatial|mapping|maps,low,False,False,False,False,False,1218
mapquest-089f88ba,Mapquest,https://www.mapquest.com,mapquest.com,Geospatial Research and Mapping Tools,,,geolocation|geospatial|mapping|maps,low,False,False,False,False,False,1219
modest-maps-b719f916,Modest Maps,http://modestmaps.com,modestmaps.com,Geospatial Research and Mapping Tools,,,geolocation|geospatial|mapping|maps,low,False,False,False,False,False,1220
nga-geoint-16d98e04,NGA GEOINT,https://github.com/ngageoint,github.com,Geospatial Research and Mapping Tools,,,geolocation|geospatial|mapping|maps|open-source,low,False,False,False,False,False,1221
open-street-map-4a47f958,Open Street Map,http://www.openstreetmap.org,openstreetmap.org,Geospatial Research and Mapping Tools,,,geolocation|geospatial|mapping|maps,low,False,False,False,False,False,1222
openlayers-a4820c0d,OpenLayers,http://openlayers.org,openlayers.org,Geospatial Research and Mapping Tools,,,geolocation|geospatial|mapping|maps,low,False,False,False,False,False,1223
perry-castaneda-library-a271b41a,Perry Castaneda Library,https://www.lib.utexas.edu/maps,lib.utexas.edu,Geospatial Research and Mapping Tools,,,geolocation|geospatial|mapping|maps,low,False,False,False,False,False,1224
pic2map-2116af32,Pic2Map,https://www.pic2map.com/,pic2map.com,Geospatial Research and Mapping Tools,,,geolocation|geospatial|mapping|maps,low,False,False,False,False,False,1225
polymaps-976f15ec,Polymaps,http://polymaps.org,polymaps.org,Geospatial Research and Mapping Tools,,,geolocation|geospatial|mapping|maps,low,False,False,False,False,False,1226
qgis-8b29fa57,QGIS,http://qgis.org,qgis.org,Geospatial Research and Mapping Tools,,,geolocation|geospatial|mapping|maps,low,False,False,False,False,False,1227
quickmaps-8050157a,QuickMaps,https://chrome.google.com/webstore/detail/quick-maps/bgbojmobaekecckmomemopckmeipecij,chrome.google.com,Geospatial Research and Mapping Tools,,,geolocation|geospatial|mapping|maps,low,False,False,False,False,False,1228
sas-planet-1122be0c,SAS Planet,http://www.sasgis.org/sasplaneta/,sasgis.org,Geospatial Research and Mapping Tools,,"Software used to view, download and stitch satellite images.",geolocation|geospatial|mapping|maps,low,False,False,False,False,False,1229
satellites-pro-5ca3e113,Satellites Pro,https://satellites.pro/,satellites.pro,Geospatial Research and Mapping Tools,,,geolocation|geospatial|mapping|maps,low,False,False,False,False,False,1230
satintel-7cf3d21f,SatIntel,https://github.com/ANG13T/SatIntel,github.com,Geospatial Research and Mapping Tools,,,geolocation|geospatial|mapping|maps|open-source,low,False,False,False,False,False,1231
scribble-maps-b2dcbaf2,Scribble Maps,http://scribblemaps.com,scribblemaps.com,Geospatial Research and Mapping Tools,,,geolocation|geospatial|mapping|maps,low,False,False,False,False,False,1232
sentinel-hub-f69fba77,Sentinel Hub,https://www.sentinel-hub.com/explore/sentinelplayground/,sentinel-hub.com,Geospatial Research and Mapping Tools,,,geolocation|geospatial|mapping|maps,low,False,False,False,False,False,1233
shadowfinder-web-88f4f6bc,ShadowFinder-Web,https://kluter.github.io/ShadowFinder-Web,kluter.github.io,Geospatial Research and Mapping Tools,,"Geolocate photos by shadow analysis. Browser port of Bellingcat's ShadowFinder. No Jupyter, no accounts, client-side.",geolocation|geospatial|mapping|maps,low,False,False,False,False,False,1234
soar-83bb1a76,SOAR,https://soar.earth/,soar.earth,Geospatial Research and Mapping Tools,,,geolocation|geospatial|mapping|maps,low,False,False,False,False,False,1235
storymaps-d369c896,StoryMaps,http://storymaps.arcgis.com/en,storymaps.arcgis.com,Geospatial Research and Mapping Tools,,,geolocation|geospatial|mapping|maps,low,False,False,False,False,False,1236
suncalc-a8579eec,SunCalc,https://www.suncalc.org/,suncalc.org,Geospatial Research and Mapping Tools,,,geolocation|geospatial|mapping|maps,low,False,False,False,False,False,1237
tableau-8f3d3ec3,Tableau,http://www.tableausoftware.com,tableausoftware.com,Geospatial Research and Mapping Tools,,,geolocation|geospatial|mapping|maps,low,False,False,False,False,False,1238
usgs-earthexplorer-2e90fda4,USGS (EarthExplorer),https://earthexplorer.usgs.gov/,earthexplorer.usgs.gov,Geospatial Research and Mapping Tools,,,geolocation|geospatial|mapping|maps,low,False,False,False,False,False,1239
viamichelin-e7a464f8,ViaMichelin,http://www.viamichelin.com,viamichelin.com,Geospatial Research and Mapping Tools,,,geolocation|geospatial|mapping|maps,low,False,False,False,False,False,1240
view-in-google-earth-86f158f4,View in Google Earth,http://www.mgmaps.com/kml/#view,mgmaps.com,Geospatial Research and Mapping Tools,,,geolocation|geospatial|mapping|maps,low,False,False,False,False,False,1241
wikimapia-895aa301,Wikimapia,http://wikimapia.org,wikimapia.org,Geospatial Research and Mapping Tools,,,geolocation|geospatial|mapping|maps,low,False,False,False,False,False,1242
windy-9004b435,Windy,https://www.windy.com/,windy.com,Geospatial Research and Mapping Tools,,,geolocation|geospatial|mapping|maps,low,False,False,False,False,False,1243
world-monitor-f6dd18a0,World Monitor,https://www.worldmonitor.app,worldmonitor.app,Geospatial Research and Mapping Tools,,"Real-time global intelligence platform with live conflict tracking, military flight and vessel monitoring, GPS jamming data, satellite imagery, and geopolitical risk scores across 5 specialized dashboards.",geolocation|geospatial|mapping|maps,low,False,False,False,False,False,1244
worldmap-harvard-ae0ec896,WorldMap Harvard,http://worldmap.harvard.edu,worldmap.harvard.edu,Geospatial Research and Mapping Tools,,,geolocation|geospatial|mapping|maps,low,False,False,False,False,False,1245
worldwide-osint-tools-map-77c95974,Worldwide OSINT Tools Map,https://cipher387.github.io/osintmap/,cipher387.github.io,Geospatial Research and Mapping Tools,,A global map of databases and OSINT sources by applicable location.,geolocation|geospatial|mapping|maps,low,False,False,False,False,False,1246
yahoo-maps-0285f361,Yahoo Maps,https://maps.yahoo.com,maps.yahoo.com,Geospatial Research and Mapping Tools,,,geolocation|geospatial|mapping|maps,low,False,False,False,False,False,1247
zeemaps-5ed1c792,Zeemaps,https://www.zeemaps.com,zeemaps.com,Geospatial Research and Mapping Tools,,,geolocation|geospatial|mapping|maps,low,False,False,False,False,False,1248
zoom-earth-b6b5851b,Zoom Earth,https://zoom.earth/,zoom.earth,Geospatial Research and Mapping Tools,,,geolocation|geospatial|mapping|maps,low,False,False,False,False,False,1249
1st-headlines-e4f9f32d,1st Headlines,http://www.1stheadlines.com,1stheadlines.com,News,,,media|news,low,False,False,False,False,False,1253
abyznewslinks-dd7bbe33,ABYZNewsLinks,http://www.abyznewslinks.com,abyznewslinks.com,News,,,media|news,low,False,False,False,False,False,1254
agence-france-presse-afp-b5fc8c5a,Agence France-Presse (AFP),http://www.afp.com,afp.com,News,,,media|news,low,False,False,False,False,False,1255
allyoucanread-100c7dcd,AllYouCanRead,http://www.allyoucanread.com,allyoucanread.com,News,,,media|news,low,False,False,False,False,False,1256
ap-aaa2fc5d,AP,http://hosted.ap.org,hosted.ap.org,News,,,media|news,low,False,False,False,False,False,1257
bbc-news-365f27a6,BBC News,http://www.bbc.co.uk/news,bbc.co.uk,News,,,media|news,low,False,False,False,False,False,1258
bing-news-b57398f3,Bing News,http://www.bing.com/news,bing.com,News,,,media|news,low,False,False,False,False,False,1259
cnn-01531e99,CNN,http://edition.cnn.com,edition.cnn.com,News,,,media|news,low,False,False,False,False,False,1260
dailyearth-99e24a97,DailyEarth,http://dailyearth.com,dailyearth.com,News,,,media|news,low,False,False,False,False,False,1261
dpa-international-8349e9e0,DPA International,http://www.dpa-international.com,dpa-international.com,News,,,media|news,low,False,False,False,False,False,1262
euronews-a5c6ce98,Euronews,http://www.euronews.com,euronews.com,News,,,media|news,low,False,False,False,False,False,1263
factiva-7d988539,Factiva,http://www.dowjones.com/factiva,dowjones.com,News,,,media|news,low,False,False,False,False,False,1264
france24-171a9c24,France24,http://www.france24.com,france24.com,News,,,media|news,low,False,False,False,False,False,1265
google-news-4157e270,Google News,https://news.google.com,news.google.com,News,,,media|news,low,False,False,False,False,False,1266
google-news-print-archive-e063e05f,Google News Print Archive,http://news.google.com/newspapers,news.google.com,News,,,archive|media|news,low,False,False,False,False,False,1267
headlinespot-ae8b6a12,HeadlineSpot,http://www.headlinespot.com,headlinespot.com,News,,,media|news,low,False,False,False,False,False,1268
itar-tass-46760980,Itar-Tass,http://www.itar-tass.com,itar-tass.com,News,,,media|news,low,False,False,False,False,False,1269
list-of-newspapers-com-cbe4ebed,List of Newspapers.com,http://www.listofnewspapers.com,listofnewspapers.com,News,,,media|news,low,False,False,False,False,False,1270
magportal-4052de15,MagPortal,http://www.magportal.com,magportal.com,News,,,media|news,low,False,False,False,False,False,1271
news-map-2d313d49,News Map,http://newsmap.jp,newsmap.jp,News,,,mapping|media|news,low,False,False,False,False,False,1272
news-now-7e727cd5,News Now,http://www.newsnow.co.uk,newsnow.co.uk,News,,,media|news,low,False,False,False,False,False,1273
newseum-today-front-pages-6f500002,Newseum - Today Front Pages,http://www.newseum.org/todaysfrontpages,newseum.org,News,,,media|news,low,False,False,False,False,False,1274
newslink-ce9c5b67,Newslink,http://www.newslink.org,newslink.org,News,,,media|news,low,False,False,False,False,False,1275
newslookup-72fdef7e,NewsLookup,http://www.newslookup.com,newslookup.com,News,,,media|news,low,False,False,False,False,False,1276
newspaper-map-a114e974,Newspaper Map,http://newspapermap.com,newspapermap.com,News,,,mapping|media|news,low,False,False,False,False,False,1277
newspaperindex-853ff875,Newspaperindex,http://www.newspaperindex.com,newspaperindex.com,News,,,media|news,low,False,False,False,False,False,1278
newspapers-com-72f7459c,Newspapers.com,http://www.newspapers.com,newspapers.com,News,,,media|news,low,False,False,False,False,False,1279
newswhip-a6b3b9b8,NewsWhip,http://www.newswhip.com,newswhip.com,News,,,media|news,low,False,False,False,False,False,1280
onlinenewspapers-56bdf4c2,OnlineNewspapers,http://www.onlinenewspapers.com,onlinenewspapers.com,News,,,media|news,low,False,False,False,False,False,1281
paperboy-4f63a9ab,Paperboy,http://www.thepaperboy.com,thepaperboy.com,News,,,media|news,low,False,False,False,False,False,1282
pr-newswire-e5ee0bd2,PR Newswire,http://www.prnewswire.com,prnewswire.com,News,,,media|news,low,False,False,False,False,False,1283
press-reader-bc251e9a,Press Reader,http://www.pressreader.com,pressreader.com,News,,,media|news,low,False,False,False,False,False,1284
reuters-389ae475,Reuters,http://www.reuters.com,reuters.com,News,,,media|news,low,False,False,False,False,False,1285
silobreaker-c4caa434,Silobreaker,http://www.silobreaker.com,silobreaker.com,News,,,media|news,low,False,False,False,False,False,1286
topix-3ca2ed68,Topix,http://www.topix.com,topix.com,News,,,media|news,low,False,False,False,False,False,1287
worldnews-7fc61d39,WorldNews,http://wn.com,wn.com,News,,,media|news,low,False,False,False,False,False,1288
world-newspapers-7851f99b,World-Newspapers,http://www.world-newspapers.com,world-newspapers.com,News,,,media|news,low,False,False,False,False,False,1289
yahoo-news-baa51c6c,Yahoo News,http://news.yahoo.com,news.yahoo.com,News,,,media|news,low,False,False,False,False,False,1290
flipboard-22bd4cb0,Flipboard,https://flipboard.com,flipboard.com,News Digest and Discovery Tools,,,discovery|news,low,False,False,False,False,False,1294
inshorts-c6181bad,Inshorts,https://www.inshorts.com,inshorts.com,News Digest and Discovery Tools,,,discovery|news,low,False,False,False,False,False,1295
newsinshorts-689ea25a,Newsinshorts,http://newsinshorts.com,newsinshorts.com,News Digest and Discovery Tools,,,discovery|news,low,False,False,False,False,False,1296
nod-33fe55f9,Nod,http://get-nod.com,get-nod.com,News Digest and Discovery Tools,,,discovery|news,low,False,False,False,False,False,1297
reeder-ebd4c3ee,Reeder,http://reederapp.com,reederapp.com,News Digest and Discovery Tools,,,discovery|news,low,False,False,False,False,False,1298
spike-76db87b0,Spike,http://www.newswhip.com,newswhip.com,News Digest and Discovery Tools,,,discovery|news,low,False,False,False,False,False,1299
storyful-90aa761e,Storyful,http://storyful.com,storyful.com,News Digest and Discovery Tools,,,discovery|news,low,False,False,False,False,False,1300
superdesk-500f0eb8,Superdesk,https://www.superdesk.org,superdesk.org,News Digest and Discovery Tools,,,discovery|news,low,False,False,False,False,False,1301
trooclick-59182ee2,Trooclick,http://trooclick.com,trooclick.com,News Digest and Discovery Tools,,,discovery|news,low,False,False,False,False,False,1302
captin-fact-a1dff78b,Captin Fact,https://captainfact.io/,captainfact.io,Fact Checking,,,fact-checking|verification,low,False,False,False,False,False,1307
check-10b6d559,Check,https://meedan.com/check,meedan.com,Fact Checking,,,fact-checking|verification,low,False,False,False,False,False,1308
emergent-ac834ce8,Emergent,http://www.emergent.info,emergent.info,Fact Checking,,,fact-checking|verification,low,False,False,False,False,False,1309
fact-check-7cd99c28,Fact Check,http://www.factcheck.org,factcheck.org,Fact Checking,,,fact-checking|verification,low,False,False,False,False,False,1310
full-fact-69cdace7,Full Fact,https://fullfact.org,fullfact.org,Fact Checking,,,fact-checking|verification,low,False,False,False,False,False,1311
snopes-6a1907e1,Snopes,http://www.snopes.com,snopes.com,Fact Checking,,"The definitive Internet reference source for urban legends, folklore, myths, rumors, and misinformation.",fact-checking|verification,low,False,False,False,False,False,1312
verification-handbook-9956018a,Verification Handbook,http://verificationhandbook.com,verificationhandbook.com,Fact Checking,,,fact-checking|verification,low,False,False,False,False,False,1313
agoa-data-center-3b71f19a,AGOA Data Center,http://agoa.info,agoa.info,Data and Statistics,,,data|statistics,low,False,False,False,False,False,1317
aiddata-bdab9f1b,AidData,http://aiddata.org,aiddata.org,Data and Statistics,,,data|statistics,low,False,False,False,False,False,1318
aws-public-datasets-eb2ee4c5,AWS Public Datasets,http://aws.amazon.com/datasets,aws.amazon.com,Data and Statistics,,,data|statistics,low,False,False,False,False,False,1319
bank-for-international-settlements-statistics-20dec895,Bank for International Settlements Statistics,http://www.bis.org/statistics/index.htm,bis.org,Data and Statistics,,,data|statistics,low,False,False,False,False,False,1320
berkely-library-data-lab-af0f25d2,Berkely Library: Data Lab,http://www.lib.berkeley.edu/libraries/data-lab,lib.berkeley.edu,Data and Statistics,,,data|statistics,low,False,False,False,False,False,1321
bp-statistical-review-of-world-energy-7d65b9c2,BP Statistical Review of World Energy,http://www.bp.com/en/global/corporate/energy-economics/statistical-review-of-world-energy.html,bp.com,Data and Statistics,,,data|statistics,low,False,False,False,False,False,1322
center-for-international-earth-science-information-network-533daa02,Center for International Earth Science Information Network,http://www.ciesin.org,ciesin.org,Data and Statistics,,,data|statistics,low,False,False,False,False,False,1323
cepii-31970e2b,CEPII,http://www.cepii.fr/CEPII/en/welcome.asp,cepii.fr,Data and Statistics,,,data|statistics,low,False,False,False,False,False,1324
cia-world-factbook-243bbf89,CIA World Factbook,https://www.cia.gov/the-world-factbook/,cia.gov,Data and Statistics,,,data|statistics,low,False,False,False,False,False,1325
crime-brasil-07c6efe4,Crime Brasil,https://crimebrasil.com.br,crimebrasil.com.br,Data and Statistics,,"Open-data platform consolidating Brazilian crime statistics (RS neighborhood-level, MG/RJ municipality, national PRF/DATASUS). Free API, CC BY 4.0.",api|data|free|statistics,low,False,False,False,False,False,1326
data-gov-uk-8d7e8059,Data.gov.uk,https://data.gov.uk,data.gov.uk,Data and Statistics,,,data|statistics,low,False,False,False,False,False,1327
dbpedia-e90cc531,DBPedia,http://wiki.dbpedia.org,wiki.dbpedia.org,Data and Statistics,,,data|statistics,low,False,False,False,False,False,1328
european-union-open-data-portal-09c6b584,European Union Open Data Portal,http://open-data.europa.eu/en/data,open-data.europa.eu,Data and Statistics,,,data|statistics,low,False,False,False,False,False,1329
eurostat-8aa28197,Eurostat,http://ec.europa.eu/eurostat,ec.europa.eu,Data and Statistics,,,data|statistics,low,False,False,False,False,False,1330
freebase-db863e1f,Freebase,https://developers.google.com/freebase,developers.google.com,Data and Statistics,,,data|statistics,low,False,False,False,False,False,1331
gapminder-world-0537e69a,Gapminder World,http://www.gapminder.org/data,gapminder.org,Data and Statistics,,,data|statistics,low,False,False,False,False,False,1332
globaledge-database-of-international-business-statistics-30adc1d1,globalEDGE Database of International Business Statistics,http://globaledge.msu.edu/tools-and-data/dibs,globaledge.msu.edu,Data and Statistics,,,data|statistics,low,False,False,False,False,False,1333
google-finance-3e5579a2,Google Finance,https://www.google.com/finance,google.com,Data and Statistics,,,data|statistics,low,False,False,False,False,False,1334
google-public-data-explorer-61590914,Google Public Data Explorer,http://www.google.com/publicdata/directory,google.com,Data and Statistics,,,data|statistics,low,False,False,False,False,False,1335
government-of-canada-open-data-0bb369dc,Government of Canada Open Data,http://open.canada.ca/en,open.canada.ca,Data and Statistics,,,data|statistics,low,False,False,False,False,False,1336
his-piers-12f788ab,HIS Piers,https://www.ihs.com/products/piers.html,ihs.com,Data and Statistics,,,data|statistics,low,False,False,False,False,False,1337
human-development-reports-f5593362,Human Development Reports,http://hdr.undp.org/en/global-reports,hdr.undp.org,Data and Statistics,,,data|statistics,low,False,False,False,False,False,1338
ilo-world-employment-and-social-outlook-trends-2069f6bd,ILO World Employment and Social Outlook Trends,http://www.ilo.org/global/research/global-reports/weso/2015/lang--en/index.htm,ilo.org,Data and Statistics,,,data|statistics,low,False,False,False,False,False,1339
ilostat-7369442f,ILOSTAT,http://www.ilo.org/ilostat/faces/oracle/webcenter/portalapp/pagehierarchy/Page137.jspx?_afrLoop=443508925711569&clean=true#%40%3F_afrLoop%3D443508925711569%26clean%3Dtrue%26_adf.ctrl-state%3Dl4dwldaf3_9,ilo.org,Data and Statistics,,,data|statistics,guarded,True,False,False,False,False,1340
imf-world-economic-outlook-database-3ffd7680,IMF World Economic Outlook Database,http://www.imf.org/external/ns/cs.aspx?id=28,imf.org,Data and Statistics,,,data|statistics,low,False,False,False,False,False,1341
index-mundi-7e0634e6,Index Mundi,http://www.indexmundi.com,indexmundi.com,Data and Statistics,,,data|statistics,low,False,False,False,False,False,1342
international-energy-agency-statistics-7993c100,International Energy Agency Statistics,http://www.iea.org/statistics,iea.org,Data and Statistics,,,data|statistics,low,False,False,False,False,False,1343
international-labour-comparisons-ce5ebf60,International Labour Comparisons,http://www.bls.gov/fls/chartbook.htm,bls.gov,Data and Statistics,,,data|statistics,low,False,False,False,False,False,1344
international-trade-center-c237294d,International Trade Center,http://www.intracen.org/ByCountry.aspx,intracen.org,Data and Statistics,,,data|statistics,low,False,False,False,False,False,1345
junar-0d9439c6,Junar,http://junar.com,junar.com,Data and Statistics,,,data|statistics,low,False,False,False,False,False,1346
knoema-02b34f7b,Knoema,https://knoema.com,knoema.com,Data and Statistics,,,data|statistics,low,False,False,False,False,False,1347
landmatrix-e1e87a1c,LandMatrix,http://landmatrix.org,landmatrix.org,Data and Statistics,,,data|statistics,low,False,False,False,False,False,1348
latinobarometro-ffb9066f,Latinobarometro,http://www.latinobarometro.org,latinobarometro.org,Data and Statistics,,,data|statistics,low,False,False,False,False,False,1349
library-university-of-michigan-statistics-and-datasets-51ef875e,"Library, University of Michigan: Statistics and Datasets",http://www.lib.umich.edu/browse/Statistics%20and%20Data%20Sets,lib.umich.edu,Data and Statistics,,,data|statistics,low,False,False,False,False,False,1350
nation-master-728a3202,Nation Master,http://www.nationmaster.com/statistics,nationmaster.com,Data and Statistics,,,data|statistics,low,False,False,False,False,False,1351
oecd-aid-database-480887cd,OECD Aid Database,http://www.oecd.org/dac/stats/data.htm,oecd.org,Data and Statistics,,,data|statistics,low,False,False,False,False,False,1352
oecd-data-49e769b9,OECD Data,https://data.oecd.org,data.oecd.org,Data and Statistics,,,data|statistics,low,False,False,False,False,False,1353
oecd-factbook-041f1333,OECD Factbook,http://www.oecd-ilibrary.org/economics/oecd-factbook_18147364,oecd-ilibrary.org,Data and Statistics,,,data|statistics,low,False,False,False,False,False,1354
open-data-network-9ecdf27e,Open Data Network,http://www.opendatanetwork.com,opendatanetwork.com,Data and Statistics,,,data|statistics,low,False,False,False,False,False,1355
paul-hensel-s-general-informational-data-page-d05c8186,Paul Hensel’s General Informational Data Page,http://www.paulhensel.org/dataintl.html,paulhensel.org,Data and Statistics,,,data|statistics,low,False,False,False,False,False,1356
penn-world-table-e0918f27,Penn World Table,http://www.rug.nl/research/ggdc/data/pwt/pwt-8.1,rug.nl,Data and Statistics,,,data|statistics,low,False,False,False,False,False,1357
pew-research-center-22995747,Pew Research Center,http://www.pewinternet.org/datasets,pewinternet.org,Data and Statistics,,,data|statistics,low,False,False,False,False,False,1358
population-reference-bureau-data-finder-5ce608b9,Population Reference Bureau Data Finder,http://www.prb.org/DataFinder.aspx,prb.org,Data and Statistics,,,data|statistics,low,False,False,False,False,False,1359
prs-risk-indicators-85d8ebea,PRS Risk Indicators,http://www.prsgroup.com,prsgroup.com,Data and Statistics,,,data|statistics,low,False,False,False,False,False,1360
sesric-basic-social-and-economic-indicators-b1419ff3,SESRIC Basic Social and Economic Indicators,http://www.sesric.org/baseind.php,sesric.org,Data and Statistics,,,data|statistics,low,False,False,False,False,False,1361
sesric-databases-44231686,SESRIC Databases,http://www.sesric.org/databases-index.php,sesric.org,Data and Statistics,,,data|statistics,low,False,False,False,False,False,1362
statista-1a1a0554,Statista,http://www.statista.com,statista.com,Data and Statistics,,,data|statistics,low,False,False,False,False,False,1363
the-atlas-of-economic-complexity-e53d0ca9,The Atlas of Economic Complexity,http://atlas.cid.harvard.edu,atlas.cid.harvard.edu,Data and Statistics,,,data|statistics,low,False,False,False,False,False,1364
the-data-and-story-library-ca222d2b,The Data and Story Library,http://lib.stat.cmu.edu/DASL,lib.stat.cmu.edu,Data and Statistics,,,data|statistics,low,False,False,False,False,False,1365
trading-economics-69eaa73a,Trading Economics,http://www.tradingeconomics.com,tradingeconomics.com,Data and Statistics,,,data|statistics,low,False,False,False,False,False,1366
transparency-org-corruption-perception-index-7955045e,Transparency.org Corruption Perception Index,http://www.transparency.org/cpi2015,transparency.org,Data and Statistics,,,data|statistics,low,False,False,False,False,False,1367
un-comtrade-database-05d9b176,UN COMTRADE Database,http://comtrade.un.org,comtrade.un.org,Data and Statistics,,,data|statistics,low,False,False,False,False,False,1368
un-data-22f94588,UN Data,http://data.un.org,data.un.org,Data and Statistics,,,data|statistics,low,False,False,False,False,False,1369
unctad-country-fact-sheets-e123efe8,UNCTAD Country Fact Sheets,http://unctad.org/en/Pages/DIAE/World%20Investment%20Report/Country-Fact-Sheets.aspx,unctad.org,Data and Statistics,,,data|statistics,low,False,False,False,False,False,1370
unctad-investment-country-profiles-257a2bfb,UNCTAD Investment Country Profiles,http://unctad.org/en/Pages/Publications/Investment-country-profiles.aspx,unctad.org,Data and Statistics,,,data|statistics,low,False,False,False,False,False,1371
unctad-stat-0d0e3c44,UNCTAD STAT,http://unctadstat.unctad.org,unctadstat.unctad.org,Data and Statistics,,,data|statistics,low,False,False,False,False,False,1372
undps-human-development-index-5cdaecc6,UNDPs Human Development Index,http://hdr.undp.org/en/data,hdr.undp.org,Data and Statistics,,,data|statistics,low,False,False,False,False,False,1373
unece-b8df82d6,UNECE,http://w3.unece.org/PXWeb/en,w3.unece.org,Data and Statistics,,,data|statistics,low,False,False,False,False,False,1374
unesco-institute-for-statistics-dd72802d,UNESCO Institute for Statistics,http://uis.unesco.org,uis.unesco.org,Data and Statistics,,,data|statistics,low,False,False,False,False,False,1375
unido-statistical-databases-52367ee1,UNIDO Statistical Databases,http://www.unido.org/resources/statistics/statistical-databases.html,unido.org,Data and Statistics,,,data|statistics,low,False,False,False,False,False,1376
unstats-social-indicators-90ae6d99,UNStats Social Indicators,http://unstats.un.org/unsd/demographic/products/socind,unstats.un.org,Data and Statistics,,,data|statistics,low,False,False,False,False,False,1377
upsala-conflict-data-program-57d74db0,Upsala Conflict Data Program,http://www.pcr.uu.se/research/UCDP,pcr.uu.se,Data and Statistics,,,data|statistics,low,False,False,False,False,False,1378
us-data-and-statistics-392ab657,US Data and Statistics,https://www.usa.gov/statistics,usa.gov,Data and Statistics,,,data|statistics,low,False,False,False,False,False,1379
vizala-0882b008,Vizala,https://vizala.com,vizala.com,Data and Statistics,,,data|statistics,low,False,False,False,False,False,1380
who-data-ff9f0751,WHO Data,http://www.who.int/gho/en,who.int,Data and Statistics,,,data|statistics,low,False,False,False,False,False,1381
world-bank-data-4f7a2a9e,World Bank Data,http://data.worldbank.org,data.worldbank.org,Data and Statistics,,,data|statistics,low,False,False,False,False,False,1382
world-bank-data-ea049097,World Bank Data,http://datatopics.worldbank.org/consumption/home,datatopics.worldbank.org,Data and Statistics,,,data|statistics,low,False,False,False,False,False,1383
world-bank-doing-business-0d116214,World Bank Doing Business,http://www.doingbusiness.org,doingbusiness.org,Data and Statistics,,,data|statistics,low,False,False,False,False,False,1384
world-bank-enterprise-surveys-5d42dd6f,World Bank Enterprise Surveys,http://www.enterprisesurveys.org,enterprisesurveys.org,Data and Statistics,,,data|statistics,low,False,False,False,False,False,1385
world-bank-investing-across-borders-c99d4c73,World Bank Investing Across Borders,http://iab.worldbank.org,iab.worldbank.org,Data and Statistics,,,data|statistics,low,False,False,False,False,False,1386
world-integrated-trade-solution-61106369,World Integrated Trade Solution,http://wits.worldbank.org,wits.worldbank.org,Data and Statistics,,,data|statistics,low,False,False,False,False,False,1387
wto-statistics-8cbd07d3,WTO Statistics,https://www.wto.org/english/res_e/statis_e/statis_e.htm,wto.org,Data and Statistics,,,data|statistics,low,False,False,False,False,False,1388
zanran-7cf82fd5,Zanran,http://zanran.com,zanran.com,Data and Statistics,,,data|statistics,low,False,False,False,False,False,1389
alltop-26e81691,Alltop,http://alltop.com,alltop.com,Web Monitoring,,,alerts|monitoring,low,False,False,False,False,False,1393
awasu-e2c2c324,Awasu,http://www.awasu.com,awasu.com,Web Monitoring,,,alerts|monitoring,low,False,False,False,False,False,1394
bridge-leslibres-7e1383e6,Bridge.Leslibres,https://bridge.leslibres.org,bridge.leslibres.org,Web Monitoring,,,alerts|monitoring,low,False,False,False,False,False,1395
bridge-suumitsu-c53ecaba,Bridge.Suumitsu,https://bridge.suumitsu.eu,bridge.suumitsu.eu,Web Monitoring,,,alerts|monitoring,low,False,False,False,False,False,1396
changedetection-io-07e2b405,ChangeDetection.io,https://changedetection.io,changedetection.io,Web Monitoring,,,alerts|monitoring,low,False,False,False,False,False,1397
changedetection-io-open-source-1111c299,ChangeDetection.io Open Source,https://github.com/dgtlmoon/changedetection.io,github.com,Web Monitoring,,,alerts|monitoring|open-source,low,False,False,False,False,False,1398
changedetect-a14a62ec,ChangeDetect,http://www.changedetect.com,changedetect.com,Web Monitoring,,,alerts|monitoring,low,False,False,False,False,False,1399
changedetection-e96e4507,ChangeDetection,http://www.changedetection.com,changedetection.com,Web Monitoring,,,alerts|monitoring,low,False,False,False,False,False,1400
deltafeed-f79adce1,Deltafeed,http://bitreading.com/deltafeed,bitreading.com,Web Monitoring,,,alerts|monitoring|rss,low,False,False,False,False,False,1401
diggreader-b8e5b8a1,DiggReader,http://digg.com/login?next=%2Freader,digg.com,Web Monitoring,,,alerts|monitoring,low,False,False,False,False,False,1402
feedbooster-703579cc,FeedBooster,http://www.qsensei.com,qsensei.com,Web Monitoring,,,alerts|monitoring|rss,low,False,False,False,False,False,1403
feederator-f9af3390,Feederator,http://www.feederator.org,feederator.org,Web Monitoring,,,alerts|monitoring|rss,low,False,False,False,False,False,1404
feed-exileed-39f04a20,Feed Exileed,http://feed.exileed.com,feed.exileed.com,Web Monitoring,,,alerts|monitoring|rss,low,False,False,False,False,False,1405
feed-filter-maker-f36f2914,Feed Filter Maker,http://feed.janicek.co,feed.janicek.co,Web Monitoring,,,alerts|monitoring|rss,low,False,False,False,False,False,1406
feedly-6ab6c60e,Feedly,http://www.feedly.com,feedly.com,Web Monitoring,,,alerts|monitoring|rss,low,False,False,False,False,False,1407
feedreader-f6adc5b5,FeedReader,http://www.feedreader.com,feedreader.com,Web Monitoring,,,alerts|monitoring|rss,low,False,False,False,False,False,1408
fetchrss-5d228b98,FetchRSS,http://fetchrss.com,fetchrss.com,Web Monitoring,,,alerts|monitoring,low,False,False,False,False,False,1409
flipboard-fdc47b8a,Flipboard,http://flipboard.com,flipboard.com,Web Monitoring,,,alerts|monitoring,low,False,False,False,False,False,1410
followthatpage-7f6c8ef5,FollowThatPage,http://www.followthatpage.com,followthatpage.com,Web Monitoring,,,alerts|monitoring,low,False,False,False,False,False,1411
google-alerts-d098b48f,Google Alerts,http://www.google.com/alerts,google.com,Web Monitoring,,A content change detection and notification service.,alerts|monitoring,low,False,False,False,False,False,1412
infominder-45c520b1,InfoMinder,http://www.infominder.com/webminder,infominder.com,Web Monitoring,,,alerts|monitoring,low,False,False,False,False,False,1413
mention-1f1b5350,Mention,https://en.mention.com,en.mention.com,Web Monitoring,,,alerts|monitoring,low,False,False,False,False,False,1414
netvibes-2f1d0ed6,Netvibes,http://www.netvibes.com,netvibes.com,Web Monitoring,,,alerts|monitoring,low,False,False,False,False,False,1415
newsblur-57317183,Newsblur,http://newsblur.com,newsblur.com,Web Monitoring,,,alerts|monitoring,low,False,False,False,False,False,1416
omeareader-96edeee5,OmeaReader,http://www.jetbrains.com/omea/reader,jetbrains.com,Web Monitoring,,,alerts|monitoring,low,False,False,False,False,False,1417
onwebchange-bbc3d3f5,OnWebChange,http://onwebchange.com,onwebchange.com,Web Monitoring,,,alerts|monitoring,low,False,False,False,False,False,1418
reeder-d917f7cb,Reeder,http://reederapp.com,reederapp.com,Web Monitoring,,,alerts|monitoring,low,False,False,False,False,False,1419
rss-bridge-bc9c2724,RSS Bridge,https://bridge.suumitsu.eu,bridge.suumitsu.eu,Web Monitoring,,,alerts|monitoring|rss,low,False,False,False,False,False,1420
rss-feed-reader-9dee0f5e,RSS Feed Reader,https://chrome.google.com/webstore/detail/rss-feed-reader/pnjaodmkngahhkoihejjehlcdlnohgmp,chrome.google.com,Web Monitoring,,,alerts|monitoring|rss,low,False,False,False,False,False,1421
rss-micro-979a7062,RSS Micro,http://www.rssmicro.com,rssmicro.com,Web Monitoring,,,alerts|monitoring|rss,low,False,False,False,False,False,1422
rss-search-engine-5a1aa9d4,RSS Search Engine,http://ctrlq.org/rss,ctrlq.org,Web Monitoring,,,alerts|monitoring|rss,low,False,False,False,False,False,1423
rss-search-hub-adbca0af,RSS Search Hub,http://www.rsssearchhub.com,rsssearchhub.com,Web Monitoring,,,alerts|monitoring|rss,low,False,False,False,False,False,1424
rssowl-b2df8385,RSSOwl,http://www.rssowl.org,rssowl.org,Web Monitoring,,,alerts|monitoring,low,False,False,False,False,False,1425
selfoss-b962f544,Selfoss,http://selfoss.aditu.de,selfoss.aditu.de,Web Monitoring,,,alerts|monitoring,low,False,False,False,False,False,1426
silobreaker-d8017207,Silobreaker,http://www.silobreaker.com,silobreaker.com,Web Monitoring,,,alerts|monitoring,low,False,False,False,False,False,1427
talkwalker-d99956c4,Talkwalker,http://www.talkwalker.com,talkwalker.com,Web Monitoring,,,alerts|monitoring,low,False,False,False,False,False,1428
the-old-reader-c2fb2248,The Old Reader,http://theoldreader.com,theoldreader.com,Web Monitoring,,,alerts|monitoring,low,False,False,False,False,False,1429
versionista-92af5981,versionista,http://versionista.com,versionista.com,Web Monitoring,,,alerts|monitoring,low,False,False,False,False,False,1430
visualping-b61b254d,visualping,https://visualping.io,visualping.io,Web Monitoring,,,alerts|monitoring,low,False,False,False,False,False,1431
webreader-fc00d5ed,WebReader,http://www.getwebreader.com,getwebreader.com,Web Monitoring,,,alerts|monitoring,low,False,False,False,False,False,1432
website-watcher-6302984d,WebSite Watcher,http://www.aignes.com/index.htm,aignes.com,Web Monitoring,,,alerts|monitoring,low,False,False,False,False,False,1433
website-diff-f05d9244,Website-Diff,https://github.com/GeiserX/Website-Diff,github.com,Web Monitoring,,,alerts|monitoring|open-source,low,False,False,False,False,False,1434
winds-0f5c5d8a,Winds,http://winds.getstream.io,winds.getstream.io,Web Monitoring,,,alerts|monitoring,low,False,False,False,False,False,1435
atom-54ab211c,Atom,https://browser.ru/,browser.ru,Browsers,,,browser|opsec,low,False,False,False,False,False,1439
brave-223de343,Brave,https://brave.com,brave.com,Browsers,,is an open-source web browser that allows you to completely block ads and website trackers.,browser|open-source|opsec,low,False,False,False,False,False,1440
bromite-7dc63a01,Bromite,https://www.bromite.org/,bromite.org,Browsers,,Bromite is a Chromium fork with ad blocking and enhanced privacy; take back your browser. Works only on Android.,browser|opsec,low,False,False,False,False,False,1441
centbrowser-641dd398,CentBrowser,http://www.centbrowser.com,centbrowser.com,Browsers,,,browser|opsec,low,False,False,False,False,False,1442
chrome-5c269b0b,Chrome,https://www.google.com/chrome,google.com,Browsers,,,browser|opsec,low,False,False,False,False,False,1443
comodo-dragon-641d4057,Comodo Dragon,https://www.comodo.com/home/browsers-toolbars/browser.php,comodo.com,Browsers,,,browser|opsec,low,False,False,False,False,False,1444
coowon-717f18d3,Coowon,http://coowon.com,coowon.com,Browsers,,,browser|opsec,low,False,False,False,False,False,1445
gnu-icecat-a6ceb61b,Gnu Icecat,https://icecatbrowser.org/,icecatbrowser.org,Browsers,,,browser|opsec,low,False,False,False,False,False,1446
edge-17a51f45,Edge,https://www.microsoft.com/en-us/windows/microsoft-edge/microsoft-edge,microsoft.com,Browsers,,,browser|opsec,low,False,False,False,False,False,1447
firefox-63f366a4,Firefox,https://www.mozilla.org,mozilla.org,Browsers,,,browser|opsec,low,False,False,False,False,False,1448
librewolf-aa015d4b,LibreWolf,https://librewolf.net,librewolf.net,Browsers,,Privacy-focused Firefox fork with enhanced security defaults.,browser|opsec,low,False,False,False,False,False,1449
maxthon-84ff9728,Maxthon,http://www.maxthon.com,maxthon.com,Browsers,,,browser|opsec,low,False,False,False,False,False,1450
mullvad-browser-6e9cf8cd,Mullvad Browser,https://mullvad.net/en/browser,mullvad.net,Browsers,,Privacy-focused browser developed in collaboration with Tor Project.,browser|opsec,low,False,False,False,False,False,1451
opera-02f5939d,Opera,http://www.opera.com,opera.com,Browsers,,,browser|opsec,low,False,False,False,False,False,1452
safari-aa684336,Safari,http://www.apple.com/safari,apple.com,Browsers,,,browser|opsec,low,False,False,False,False,False,1453
sleipnir-c8304e56,Sleipnir,http://www.fenrir-inc.com/jp/sleipnir,fenrir-inc.com,Browsers,,,browser|opsec,low,False,False,False,False,False,1454
slimjet-2aa12247,Slimjet,http://www.slimjet.com,slimjet.com,Browsers,,,browser|opsec,low,False,False,False,False,False,1455
srware-iron-8f6f452e,SRWare Iron,http://www.srware.net/en/software_srware_iron.php,srware.net,Browsers,,,browser|opsec,low,False,False,False,False,False,1456
tor-browser-65a04710,Tor Browser,https://www.torproject.org/projects/torbrowser.html.en,torproject.org,Browsers,,Tor is a free software that prevents people from learning your location or browsing habits by letting you communicate anonymously on the Internet.,browser|free|opsec,guarded,True,False,False,False,False,1457
torch-eb9aa2f9,Torch,http://www.torchbrowser.com,torchbrowser.com,Browsers,,,browser|opsec,low,False,False,False,False,False,1458
ucbrowser-5437f52b,UCBrowser,http://www.ucweb.com,ucweb.com,Browsers,,,browser|opsec,low,False,False,False,False,False,1459
vivaldi-f91f01ac,Vivaldi,https://vivaldi.com,vivaldi.com,Browsers,,"Powerful, Private and Personal Web Browser.",browser|opsec,low,False,False,False,False,False,1460
waterfox-04a6cf4b,Waterfox,https://www.waterfox.net/,waterfox.net,Browsers,,Fast and Private Web Browser. Get privacy out of the box with Waterfox.,browser|opsec,low,False,False,False,False,False,1461
yandex-browser-83e1922d,Yandex Browser,https://browser.yandex.com/desktop/main,browser.yandex.com,Browsers,,,browser|opsec,low,False,False,False,False,False,1462
a1-website-download-a5eaf809,A1 Website Download,http://www.microsystools.com/products/website-download,microsystools.com,Offline Browsing,,Download entire websites to disk.,archiving|offline,low,False,False,False,False,False,1466
cyotek-webcopy-c7a1283e,Cyotek WebCopy,http://www.cyotek.com/cyotek-webcopy,cyotek.com,Offline Browsing,,is a free tool for automatically downloading the content of a website onto your local device.,archiving|free|offline,low,False,False,False,False,False,1467
gmapcatcher-086592c5,gmapcatcher,https://github.com/heldersepu/gmapcatcher,github.com,Offline Browsing,,,archiving|offline|open-source,low,False,False,False,False,False,1468
hooey-webprint-33395035,Hooey webprint,http://www.hooeeywebprint.com.s3-website-us-east-1.amazonaws.com/download.html,hooeeywebprint.com.s3-website-us-east-1.amazonaws.com,Offline Browsing,,,archiving|offline,low,False,False,False,False,False,1469
httrack-2960af90,HTTrack,http://www.httrack.com,httrack.com,Offline Browsing,,"Allows you to download a World Wide Web site from the Internet to a local directory, building recursively all directories, getting HTML, images, and other files from the server to your computer.",archiving|offline,low,False,False,False,False,False,1470
offliberty-72006b8a,Offliberty,http://offliberty.com,offliberty.com,Offline Browsing,,is a website that lets you access any online content without a permanent Internet connection.,archiving|offline,low,False,False,False,False,False,1471
resolver-bdd9162d,Resolver,https://metaproductsrevolver.com,metaproductsrevolver.com,Offline Browsing,,,archiving|offline,low,False,False,False,False,False,1472
sitesucker-545b3dbb,SiteSucker,http://ricks-apps.com/osx/sitesucker/index.html,ricks-apps.com,Offline Browsing,,,archiving|offline,low,False,False,False,False,False,1473
webassistant-b59c4e1b,WebAssistant,http://www.proxy-offline-browser.com/download.html,proxy-offline-browser.com,Offline Browsing,,,archiving|offline,low,False,False,False,False,False,1474
website-ripper-copier-9fbfb29a,Website Ripper Copier,http://www.tensons.com/products/websiterippercopier,tensons.com,Offline Browsing,,,archiving|offline,low,False,False,False,False,False,1475
offshore-cat-256a144c,OffShore.cat,https://offshore.cat/?page=vpn,offshore.cat,VPN Services,,list of vpns for the privacy conscious,network|privacy,low,False,False,False,False,False,1479
torrentfreak-list-of-vpns-993601fc,TorrentFreak List of VPNs,https://torrentfreak.com/vpn-services-anonymous-review-2017-170304/,torrentfreak.com,VPN Services,,,network|privacy,low,False,False,False,False,False,1480
vpn-comparison-by-that-one-privacy-guy-71d9555c,VPN Comparison by That One Privacy Guy,https://thatoneprivacysite.net/,thatoneprivacysite.net,VPN Services,,is a summary list of top best VPN services.,network|privacy,low,False,False,False,False,False,1481
aeon-1dc9d215,Aeon,http://www.aeontimeline.com,aeontimeline.com,Infographics and Data Visualization,,,reporting|visualization,low,False,False,False,False,False,1485
arbor-js-a143f984,Arbor.js,http://arborjs.org,arborjs.org,Infographics and Data Visualization,,,reporting|visualization,low,False,False,False,False,False,1486
beaker-8dd1d17d,Beaker,http://beakernotebook.com,beakernotebook.com,Infographics and Data Visualization,,,reporting|visualization,low,False,False,False,False,False,1487
befunky-0d2c0843,Befunky,https://www.befunky.com,befunky.com,Infographics and Data Visualization,,,reporting|visualization,low,False,False,False,False,False,1488
bizint-323c12ae,Bizint,http://www.bizint.com,bizint.com,Infographics and Data Visualization,,,reporting|visualization,low,False,False,False,False,False,1489
cacoo-a6b3ebed,Cacoo,https://cacoo.com,cacoo.com,Infographics and Data Visualization,,,reporting|visualization,low,False,False,False,False,False,1490
canva-cfc2d456,Canva,https://www.canva.com,canva.com,Infographics and Data Visualization,,,reporting|visualization,low,False,False,False,False,False,1491
chart-js-38682b3a,Chart.js,http://www.chartjs.org,chartjs.org,Infographics and Data Visualization,,a javascript library that allows you to create charts easly,reporting|visualization,low,False,False,False,False,False,1492
chartblocks-50f6c449,chartblocks,http://www.chartblocks.com,chartblocks.com,Infographics and Data Visualization,,,reporting|visualization,low,False,False,False,False,False,1493
circos-f0ed28e1,Circos,http://circos.ca,circos.ca,Infographics and Data Visualization,,,reporting|visualization,low,False,False,False,False,False,1494
creately-1eb4d6c6,creately,http://creately.com,creately.com,Infographics and Data Visualization,,,reporting|visualization,low,False,False,False,False,False,1495
crossfilter-d9a6c80e,Crossfilter,http://square.github.io/crossfilter,square.github.io,Infographics and Data Visualization,,,reporting|visualization,low,False,False,False,False,False,1496
csvkit-2485d6e3,csvkit,https://github.com/wireservice/csvkit,github.com,Infographics and Data Visualization,,,open-source|reporting|visualization,low,False,False,False,False,False,1497
d3js-1022d7cf,D3js,https://d3js.org,d3js.org,Infographics and Data Visualization,,is a powerful data visualization javascript library.,reporting|visualization,low,False,False,False,False,False,1498
data-visualization-catalogue-5fb5e4c7,Data Visualization Catalogue,http://datavizcatalogue.com,datavizcatalogue.com,Infographics and Data Visualization,,,reporting|visualization,low,False,False,False,False,False,1499
datawrapper-ecd2388c,Datawrapper,https://datawrapper.de,datawrapper.de,Infographics and Data Visualization,,,reporting|visualization,low,False,False,False,False,False,1500
dropmark-23b062a2,Dropmark,http://www.dropmark.com,dropmark.com,Infographics and Data Visualization,,,reporting|visualization,low,False,False,False,False,False,1501
dygraphs-e44d0d2a,dygraphs,http://dygraphs.com,dygraphs.com,Infographics and Data Visualization,,,reporting|visualization,low,False,False,False,False,False,1502
easely-1e1b1a78,easely,http://www.easel.ly,easel.ly,Infographics and Data Visualization,,,reporting|visualization,low,False,False,False,False,False,1503
exhibit-5ce429d2,Exhibit,http://www.simile-widgets.org/exhibit,simile-widgets.org,Infographics and Data Visualization,,,reporting|visualization,low,False,False,False,False,False,1504
flot-c779154d,Flot,http://www.flotcharts.org,flotcharts.org,Infographics and Data Visualization,,,reporting|visualization,low,False,False,False,False,False,1505
fusioncharts-79c88d25,FusionCharts,http://www.fusioncharts.com,fusioncharts.com,Infographics and Data Visualization,,,reporting|visualization,low,False,False,False,False,False,1506
google-developers-charts-9b20d324,Google Developers: Charts,https://developers.google.com/chart,developers.google.com,Infographics and Data Visualization,,,reporting|visualization,low,False,False,False,False,False,1507
graphx-8e8c11ef,GraphX,http://spark.apache.org/graphx,spark.apache.org,Infographics and Data Visualization,,,reporting|visualization,low,False,False,False,False,False,1508
highcharts-c465d868,Highcharts,http://www.highcharts.com,highcharts.com,Infographics and Data Visualization,,,reporting|visualization,low,False,False,False,False,False,1509
hohli-d02bef02,Hohli,http://charts.hohli.com,charts.hohli.com,Infographics and Data Visualization,,,reporting|visualization,low,False,False,False,False,False,1510
infogr-am-8af71bac,Infogr.am,https://infogr.am,infogr.am,Infographics and Data Visualization,,,reporting|visualization,low,False,False,False,False,False,1511
inkscape-87c411ab,Inkscape,https://inkscape.org,inkscape.org,Infographics and Data Visualization,,,reporting|visualization,low,False,False,False,False,False,1512
java-infovis-toolkit-0e2f96a7,Java Infovis Toolkit,http://philogb.github.io/jit,philogb.github.io,Infographics and Data Visualization,,,reporting|visualization,low,False,False,False,False,False,1513
jpgraph-13681c74,JpGraph,http://jpgraph.net,jpgraph.net,Infographics and Data Visualization,,,reporting|visualization,low,False,False,False,False,False,1514
jqplot-97fffec2,jqPlot,http://www.jqplot.com,jqplot.com,Infographics and Data Visualization,,A Versatile and Expandable jQuery Plotting Plugin.,reporting|visualization,low,False,False,False,False,False,1515
knoema-f2b2ceb7,Knoema,https://knoema.com,knoema.com,Infographics and Data Visualization,,,reporting|visualization,low,False,False,False,False,False,1516
leaflet-a54c6ea5,Leaflet,http://leafletjs.com,leafletjs.com,Infographics and Data Visualization,,an open-source JavaScript library for mobile-friendly interactive maps.,open-source|reporting|visualization,low,False,False,False,False,False,1517
linkuroius-184618d2,Linkuroius,http://linkurio.us,linkurio.us,Infographics and Data Visualization,,,reporting|visualization,low,False,False,False,False,False,1518
listify-1952e9e9,Listify,http://listify.okfnlabs.org,listify.okfnlabs.org,Infographics and Data Visualization,,"Turn a Google spreadsheet into a beautiful, searchable listing in seconds.",reporting|visualization,low,False,False,False,False,False,1519
localfocus-e1cbcf18,LocalFocus,https://www.localfocus.nl,localfocus.nl,Infographics and Data Visualization,,,reporting|visualization,low,False,False,False,False,False,1520
lucidchart-e4998d1c,Lucidchart,https://www.lucidchart.com,lucidchart.com,Infographics and Data Visualization,,the intelligent diagramming application that brings teams together to make better decisions and build the future.,reporting|visualization,low,False,False,False,False,False,1521
mapline-82edd069,Mapline,https://mapline.com,mapline.com,Infographics and Data Visualization,,,reporting|visualization,low,False,False,False,False,False,1522
nodebox-2e7c8051,Nodebox,https://www.nodebox.net,nodebox.net,Infographics and Data Visualization,,a family of tools gives you the leverage to create generative design the way you want.,reporting|visualization,low,False,False,False,False,False,1523
observable-42841a14,Observable,https://observablehq.com/,observablehq.com,Infographics and Data Visualization,,"a modern way to create powerful, performant, polyglot data apps built on open source.",open-source|reporting|visualization,low,False,False,False,False,False,1524
openlayers-75ffdf43,OpenLayers,http://openlayers.org,openlayers.org,Infographics and Data Visualization,,"A high-performance, feature-packed library for all your mapping needs.",mapping|reporting|visualization,low,False,False,False,False,False,1525
palladio-7b3255f0,Palladio,http://hdlab.stanford.edu/palladio,hdlab.stanford.edu,Infographics and Data Visualization,,Visualize complex historical data with ease.,archive|reporting|visualization,low,False,False,False,False,False,1526
perspective-2e7c7c69,Perspective,https://github.com/finos/perspective,github.com,Infographics and Data Visualization,,"interactive data visualization and analytics component, well-suited for large, streaming and static datasets.",open-source|reporting|visualization,low,False,False,False,False,False,1527
piktochart-0c7ecbad,Piktochart,https://piktochart.com,piktochart.com,Infographics and Data Visualization,,,reporting|visualization,low,False,False,False,False,False,1528
pixxa-f87eb312,Pixxa,http://www.pixxa.com,pixxa.com,Infographics and Data Visualization,,,reporting|visualization,low,False,False,False,False,False,1529
plotly-3c38ef69,Plotly,https://plot.ly,plot.ly,Infographics and Data Visualization,,,reporting|visualization,low,False,False,False,False,False,1530
preceden-a19d271c,Preceden,https://www.preceden.com/,preceden.com,Infographics and Data Visualization,,Create a Visual Timeline About Any Topic,reporting|visualization,low,False,False,False,False,False,1531
qlikview-09e4f9a6,QlikView,https://www.visualintelligence.co.nz/qlikview,visualintelligence.co.nz,Infographics and Data Visualization,,,reporting|visualization,low,False,False,False,False,False,1532
quadrigram-b537cdc6,Quadrigram,http://www.quadrigram.com,quadrigram.com,Infographics and Data Visualization,,,reporting|visualization,low,False,False,False,False,False,1533
raphael-96aec458,Raphael,http://dmitrybaranovskiy.github.io/raphael,dmitrybaranovskiy.github.io,Infographics and Data Visualization,,,reporting|visualization,low,False,False,False,False,False,1534
raw-02562ba2,RAW,http://raw.densitydesign.org,raw.densitydesign.org,Infographics and Data Visualization,,,reporting|visualization,low,False,False,False,False,False,1535
shanti-interactive-19e8e54b,Shanti Interactive,http://www.viseyes.org,viseyes.org,Infographics and Data Visualization,,,reporting|visualization,low,False,False,False,False,False,1536
snappa-c4723783,Snappa,https://snappa.io,snappa.io,Infographics and Data Visualization,,,reporting|visualization,low,False,False,False,False,False,1537
storymap-17662fba,StoryMap,https://storymap.knightlab.com,storymap.knightlab.com,Infographics and Data Visualization,,,reporting|visualization,low,False,False,False,False,False,1538
tableau-public-558e3b78,Tableau Public,https://public.tableau.com,public.tableau.com,Infographics and Data Visualization,,,reporting|visualization,low,False,False,False,False,False,1539
tableau-b7d14cda,Tableau,http://www.tableau.com,tableau.com,Infographics and Data Visualization,,,reporting|visualization,low,False,False,False,False,False,1540
tagul-2a382412,Tagul,https://tagul.com,tagul.com,Infographics and Data Visualization,,,reporting|visualization,low,False,False,False,False,False,1541
textures-js-f95d5378,Textures.js,https://riccardoscalco.github.io/textures,riccardoscalco.github.io,Infographics and Data Visualization,,,reporting|visualization,low,False,False,False,False,False,1542
tik-tok-5a4bfc8f,Tik-tok,https://datanews.github.io/tik-tok,datanews.github.io,Infographics and Data Visualization,,,reporting|visualization,low,False,False,False,False,False,1543
tiki-toki-b50c6613,Tiki-toki,http://www.tiki-toki.com,tiki-toki.com,Infographics and Data Visualization,,,reporting|visualization,low,False,False,False,False,False,1544
timeflow-4ade5cef,Timeflow,https://github.com/FlowingMedia/TimeFlow/wiki,github.com,Infographics and Data Visualization,,,open-source|reporting|visualization,low,False,False,False,False,False,1545
timeline-f7a86739,Timeline,http://timeline.knightlab.com,timeline.knightlab.com,Infographics and Data Visualization,,,reporting|visualization,low,False,False,False,False,False,1546
timeline-f50bb96a,Timeline,http://www.simile-widgets.org/timeline,simile-widgets.org,Infographics and Data Visualization,,,reporting|visualization,low,False,False,False,False,False,1547
timetoast-31ebc2d5,Timetoast,http://www.timetoast.com,timetoast.com,Infographics and Data Visualization,,,reporting|visualization,low,False,False,False,False,False,1548
venngage-d9690ebb,Venngage,https://venngage.com,venngage.com,Infographics and Data Visualization,,,reporting|visualization,low,False,False,False,False,False,1549
vis-js-8790fb7e,Vis.js,http://visjs.org,visjs.org,Infographics and Data Visualization,,,reporting|visualization,low,False,False,False,False,False,1550
visme-5755098e,Visme,http://www.visme.co,visme.co,Infographics and Data Visualization,,,reporting|visualization,low,False,False,False,False,False,1551
visualize-free-6ada965c,Visualize Free,http://visualizefree.com,visualizefree.com,Infographics and Data Visualization,,,free|reporting|visualization,low,False,False,False,False,False,1552
visualize-me-adec5963,Visualize.me,http://vizualize.me,vizualize.me,Infographics and Data Visualization,,,reporting|visualization,low,False,False,False,False,False,1553
visually-deddf5e4,visually,http://create.visual.ly,create.visual.ly,Infographics and Data Visualization,,,reporting|visualization,low,False,False,False,False,False,1554
vortex-cadd9046,Vortex,http://www.dotmatics.com/products/vortex,dotmatics.com,Infographics and Data Visualization,,,reporting|visualization,low,False,False,False,False,False,1555
zingchart-e2532399,ZingChart,http://www.zingchart.com,zingchart.com,Infographics and Data Visualization,,,reporting|visualization,low,False,False,False,False,False,1556
gephi-7a207450,Gephi,https://gephi.org,gephi.org,Social Network Analysis,,is an open-source graph and network visualization software.,graph|network-analysis|open-source,low,False,False,False,False,False,1560
ora-lite-adfc0ece,ORA-LITE,https://www.cmu.edu/casos-center/research/tools/,cmu.edu,Social Network Analysis,,,graph|network-analysis,low,False,False,False,False,False,1561
sentinel-visualizer-84d3d89a,Sentinel Visualizer,http://www.fmsasg.com,fmsasg.com,Social Network Analysis,,,graph|network-analysis,low,False,False,False,False,False,1562
visual-investigative-scenarios-41f1eea7,Visual Investigative Scenarios,https://vis.occrp.org,vis.occrp.org,Social Network Analysis,,,graph|network-analysis,low,False,False,False,False,False,1563
wynyard-group-046f3678,Wynyard Group,https://wynyardgroup.com,wynyardgroup.com,Social Network Analysis,,,graph|network-analysis,low,False,False,False,False,False,1564
abine-59f5504e,Abine,https://www.abine.com,abine.com,Privacy and Encryption Tools,,,encryption|opsec|privacy,low,False,False,False,False,False,1568
adium-050e4918,Adium,https://adium.im,adium.im,Privacy and Encryption Tools,,,encryption|opsec|privacy,low,False,False,False,False,False,1569
bitwarden-260996bc,Bitwarden,https://bitwarden.com,bitwarden.com,Privacy and Encryption Tools,,Open-source password manager with cross-platform support.,encryption|open-source|opsec|privacy,guarded,False,True,False,False,False,1570
boxcryptor-2e3905e0,boxcryptor,https://www.boxcryptor.com,boxcryptor.com,Privacy and Encryption Tools,,,encryption|opsec|privacy,low,False,False,False,False,False,1571
ccleaner-f433bf9c,CCleaner,https://www.piriform.com/ccleaner,piriform.com,Privacy and Encryption Tools,,,encryption|opsec|privacy,low,False,False,False,False,False,1572
chatsecure-8bcc6c6e,Chatsecure,https://chatsecure.org,chatsecure.org,Privacy and Encryption Tools,,,encryption|opsec|privacy,low,False,False,False,False,False,1573
disconnect-fe406d09,Disconnect,https://disconnect.me,disconnect.me,Privacy and Encryption Tools,,,encryption|opsec|privacy,low,False,False,False,False,False,1574
do-not-track-0ba5e330,Do Not Track,http://donottrack.us,donottrack.us,Privacy and Encryption Tools,,,encryption|opsec|privacy,low,False,False,False,False,False,1575
duck-duck-go-search-engine-b6616a37,Duck Duck Go Search Engine,https://duckduckgo.com,duckduckgo.com,Privacy and Encryption Tools,,,encryption|opsec|privacy,low,False,False,False,False,False,1576
encsf-mp-8804f768,EncSF MP,http://encfsmp.sourceforge.net,encfsmp.sourceforge.net,Privacy and Encryption Tools,,,encryption|opsec|privacy,low,False,False,False,False,False,1577
epic-privacy-browser-7cd0c078,Epic Privacy Browser,https://www.epicbrowser.com,epicbrowser.com,Privacy and Encryption Tools,,,encryption|opsec|privacy,low,False,False,False,False,False,1578
eraser-e135664c,Eraser,http://eraser.heidi.ie,eraser.heidi.ie,Privacy and Encryption Tools,,,encryption|opsec|privacy,low,False,False,False,False,False,1579
filevault-d48b8250,FileVault,https://support.apple.com/en-us/HT204837,support.apple.com,Privacy and Encryption Tools,,,encryption|opsec|privacy,low,False,False,False,False,False,1580
ghostery-b75c248f,Ghostery,https://www.ghostery.com,ghostery.com,Privacy and Encryption Tools,,,encryption|opsec|privacy,low,False,False,False,False,False,1581
gnu-pg-e1061266,GNU PG,https://www.gnupg.org/download/index.html,gnupg.org,Privacy and Encryption Tools,,,encryption|opsec|privacy,low,False,False,False,False,False,1582
gpg-tools-1ca1fc53,GPG Tools,https://gpgtools.org,gpgtools.org,Privacy and Encryption Tools,,,encryption|opsec|privacy,low,False,False,False,False,False,1583
guardian-project-7aee6a3c,Guardian Project,https://guardianproject.info,guardianproject.info,Privacy and Encryption Tools,,,encryption|opsec|privacy,low,False,False,False,False,False,1584
guerrilla-mail-47fd0c46,Guerrilla Mail,https://www.guerrillamail.com,guerrillamail.com,Privacy and Encryption Tools,,,encryption|opsec|privacy,low,False,False,False,False,False,1585
hotspot-shield-4d4c6a9a,Hotspot Shield,https://www.hotspotshield.com,hotspotshield.com,Privacy and Encryption Tools,,,encryption|opsec|privacy,low,False,False,False,False,False,1586
https-everywhere-abf00d67,HTTPs Everywhere,https://www.eff.org/https-everywhere/,eff.org,Privacy and Encryption Tools,,,encryption|opsec|privacy,low,False,False,False,False,False,1587
i2p-fd6f7e68,I2P,https://geti2p.net,geti2p.net,Privacy and Encryption Tools,,,encryption|opsec|privacy,low,False,False,False,False,False,1588
justdeleteme-f7a5eddc,justdeleteme,http://justdelete.me,justdelete.me,Privacy and Encryption Tools,,,encryption|opsec|privacy,low,False,False,False,False,False,1589
keepass-password-safe-e0937886,KeePass Password Safe,http://keepass.info,keepass.info,Privacy and Encryption Tools,,is a free and open-source password manager that uses the most secure encryption algorithms to safegard your passwords.,encryption|free|open-source|opsec|privacy,guarded,False,True,False,False,False,1590
lastpass-66568f1a,Lastpass,https://lastpass.com,lastpass.com,Privacy and Encryption Tools,,,encryption|opsec|privacy,low,False,False,False,False,False,1591
lockbin-fbd264c4,Lockbin,https://lockbin.com,lockbin.com,Privacy and Encryption Tools,,,encryption|opsec|privacy,low,False,False,False,False,False,1592
mailbox-abf1a975,Mailbox,https://mailbox.org,mailbox.org,Privacy and Encryption Tools,,,encryption|opsec|privacy,low,False,False,False,False,False,1593
mailvelope-ea3afe52,Mailvelope,https://www.mailvelope.com,mailvelope.com,Privacy and Encryption Tools,,,encryption|opsec|privacy,low,False,False,False,False,False,1594
master-password-421bbfa2,Master Password,http://masterpasswordapp.com,masterpasswordapp.com,Privacy and Encryption Tools,,,encryption|opsec|privacy,guarded,False,True,False,False,False,1595
nixory-97576b38,Nixory,http://nixory.sourceforge.net,nixory.sourceforge.net,Privacy and Encryption Tools,,,encryption|opsec|privacy,low,False,False,False,False,False,1596
noscript-749f9328,NoScript,https://noscript.net,noscript.net,Privacy and Encryption Tools,,,encryption|opsec|privacy,low,False,False,False,False,False,1597
open-dns-fa609619,Open DNS,https://www.opendns.com/home-internet-security,opendns.com,Privacy and Encryption Tools,,,encryption|opsec|privacy,low,False,False,False,False,False,1598
open-pgp-f6614c8f,Open PGP,https://www.enigmail.net/index.php/en,enigmail.net,Privacy and Encryption Tools,,,encryption|opsec|privacy,low,False,False,False,False,False,1599
oscobo-search-engine-2d86c827,Oscobo Search Engine,https://oscobo.co.uk,oscobo.co.uk,Privacy and Encryption Tools,,,encryption|opsec|privacy,low,False,False,False,False,False,1600
ossec-35314d09,OSSEC,https://ossec.github.io,ossec.github.io,Privacy and Encryption Tools,,,encryption|opsec|privacy,low,False,False,False,False,False,1601
panopticlick-76972e42,Panopticlick,https://panopticlick.eff.org,panopticlick.eff.org,Privacy and Encryption Tools,,,encryption|opsec|privacy,low,False,False,False,False,False,1602
peerblock-7b689ed5,Peerblock,http://forums.peerblock.com,forums.peerblock.com,Privacy and Encryption Tools,,,encryption|opsec|privacy,low,False,False,False,False,False,1603
pidgin-805c6994,Pidgin,https://www.pidgin.im,pidgin.im,Privacy and Encryption Tools,,,encryption|opsec|privacy,low,False,False,False,False,False,1604
pixel-block-05eca2e0,Pixel Block,https://chrome.google.com/webstore/detail/pixelblock/jmpmfcjnflbcoidlgapblgpgbilinlem,chrome.google.com,Privacy and Encryption Tools,,,encryption|opsec|privacy,low,False,False,False,False,False,1605
privacy-com-68e17a6d,Privacy.com,https://privacy.com,privacy.com,Privacy and Encryption Tools,,Virtual payment cards for online privacy and security.,encryption|opsec|privacy,low,False,False,False,False,False,1606
privacy-badger-5ed3874a,Privacy Badger,https://www.eff.org/privacybadger,eff.org,Privacy and Encryption Tools,,,encryption|opsec|privacy,low,False,False,False,False,False,1607
privazer-dc8142e9,Privazer,http://privazer.com,privazer.com,Privacy and Encryption Tools,,,encryption|opsec|privacy,low,False,False,False,False,False,1608
proton-mail-daedb321,Proton Mail,https://protonmail.com,protonmail.com,Privacy and Encryption Tools,,,encryption|opsec|privacy,low,False,False,False,False,False,1609
qubes-7a3120c1,Qubes,https://www.qubes-os.org,qubes-os.org,Privacy and Encryption Tools,,a security-focused desktop operating system that aims to provide security through isolation.,encryption|opsec|privacy,low,False,False,False,False,False,1610
script-safe-ed28e67f,Script Safe,https://chrome.google.com/webstore/detail/scriptsafe/oiigbmnaadbkfbmpbfijlflahbdbdgdf?hl=en,chrome.google.com,Privacy and Encryption Tools,,,encryption|opsec|privacy,low,False,False,False,False,False,1611
securesha-2e4b9e53,Securesha,https://securesha.re,securesha.re,Privacy and Encryption Tools,,,encryption|opsec|privacy,low,False,False,False,False,False,1612
silent-circle-06348e0d,Silent circle,https://www.silentcircle.com,silentcircle.com,Privacy and Encryption Tools,,,encryption|opsec|privacy,low,False,False,False,False,False,1613
signal-55eb59c1,Signal,https://signal.org,signal.org,Privacy and Encryption Tools,,End-to-end encrypted messaging and calls.,encryption|opsec|privacy,low,False,False,False,False,False,1614
snort-1796aded,Snort,https://www.snort.org,snort.org,Privacy and Encryption Tools,,,encryption|opsec|privacy,low,False,False,False,False,False,1615
spideroak-a461e30b,Spideroak,https://spideroak.com,spideroak.com,Privacy and Encryption Tools,,,encryption|opsec|privacy,low,False,False,False,False,False,1616
steganography-online-codec-238654b6,Steganography Online Codec,https://www.pelock.com/products/steganography-online-codec,pelock.com,Privacy and Encryption Tools,,,encryption|opsec|privacy,low,False,False,False,False,False,1617
surveilliance-self-defense-2db970bb,Surveilliance Self Defense,https://ssd.eff.org,ssd.eff.org,Privacy and Encryption Tools,,,encryption|opsec|privacy,low,False,False,False,False,False,1618
tails-225f684a,Tails,https://tails.boum.org,tails.boum.org,Privacy and Encryption Tools,,,encryption|opsec|privacy,low,False,False,False,False,False,1619
thunderbird-43b318ef,Thunderbird,https://www.thunderbird.net/en-US/,thunderbird.net,Privacy and Encryption Tools,,,encryption|opsec|privacy,low,False,False,False,False,False,1620
tor-project-b8a58e12,Tor Project,https://www.torproject.org,torproject.org,Privacy and Encryption Tools,,,encryption|opsec|privacy,low,False,False,False,False,False,1621
ublock-origin-548a2b19,uBlock Origin,https://github.com/gorhill/uBlock,github.com,Privacy and Encryption Tools,,,encryption|open-source|opsec|privacy,low,False,False,False,False,False,1622
wickr-b2a9ea3c,Wickr,https://wickr.com,wickr.com,Privacy and Encryption Tools,,,encryption|opsec|privacy,low,False,False,False,False,False,1623
wot-08f02405,WOT,https://www.mywot.com,mywot.com,Privacy and Encryption Tools,,,encryption|opsec|privacy,low,False,False,False,False,False,1624
zmail-6058e488,ZMail,http://zmail.sourceforge.net,zmail.sourceforge.net,Privacy and Encryption Tools,,,encryption|opsec|privacy,low,False,False,False,False,False,1625
amass-d9c6698d,Amass,https://github.com/owasp-amass/amass,github.com,DNS,,"The amass tool searches Internet data sources, performs brute force subdomain enumeration, searches web archives, and uses machine learning to generate additional subdomain name guesses. DNS name resolution is performed across many public servers so the authoritative server will see the traffic coming from different locations. Written in Go.",archive|dns|infrastructure|open-source,low,False,False,False,False,False,1628
columbus-project-29e9cb40,Columbus Project,https://github.com/elmasy-com/columbus,github.com,DNS,,"Columbus Project is an advanced subdomain discovery service with fast, powerful and easy to use API.",api|dns|infrastructure|open-source,low,False,False,False,False,False,1629
dnsx-57904e5e,dnsx,https://github.com/projectdiscovery/dnsx,github.com,DNS,,"A fast and multi-purpose DNS toolkit from ProjectDiscovery for running DNS probes, resolving records and filtering DNS responses.",dns|infrastructure|open-source,low,False,False,False,False,False,1630
merklemap-06744c0d,Merklemap,https://www.merklemap.com/,merklemap.com,DNS,,"Discover and enumerate all subdomains associated with a website, including those not publicly advertised. Works by ingesting certificate transparency logs.",certificate|dns|infrastructure,low,False,False,False,False,False,1631
subhunt-b17f220f,Subhunt,https://github.com/ahmadouniass/Subdomains-finder-subhunt,github.com,DNS,,"Multi-source subdomain enumeration tool querying crt.sh Certificate Transparency logs, HackerTarget, and RapidDNS. Features HTTP/HTTPS liveness probing with status codes, alive/dead filtering, multi-format export (TXT/JSON/CSV), and a full CLI.",certificate|cli|dns|infrastructure|open-source,low,False,False,False,False,False,1632
phantom-tide-7f2b15f7,Phantom Tide,https://github.com/tg12/phantomtide,github.com,Maritime,,"Cross-domain OSINT dashboard combining vessel tracking, airspace activity, official notices, environmental context, and satellite detections for maritime and airspace analysis.",geospatial|mapping|maritime|open-source,low,False,False,False,False,False,1636
vesselfinder-9047e016,VesselFinder,https://www.vesselfinder.com,vesselfinder.com,Maritime,,a FREE AIS vessel tracking web site. VesselFinder displays real time ship positions and marine traffic detected by global AIS network.,free|geospatial|maritime,low,False,False,False,False,False,1637
aadinternals-b28a2201,aadinternals,https://aadinternals.com/osint,aadinternals.com,Other Tools,,Provides tools and insights for advanced analysis and security testing of Azure Active Directory (AAD) and Microsoft 365.,misc,low,False,False,False,False,False,1641
arkhammirror-66a798ec,ArkhamMirror,https://github.com/mantisfury/ArkhamMirror,github.com,Other Tools,,"Local-first AI document intelligence with offline RAG, contradiction detection, knowledge graphs, and vision AI table extraction.",misc|open-source,low,False,False,False,False,False,1642
barcode-reader-162b34cc,Barcode Reader,http://online-barcode-reader.inliteresearch.com,online-barcode-reader.inliteresearch.com,Other Tools,,"Decode barcodes in C#, VB, Java, C\C++, Delphi, PHP and other languages.",misc,low,False,False,False,False,False,1643
bevigil-cli-0806e177,BeVigil-CLI,https://github.com/Bevigil/BeVigil-OSINT-CLI,github.com,Other Tools,,"A unified command line interface and python library for using BeVigil OSINT API to search for assets such as subdomains, URLs, applications indexed from mobile applications.",api|cli|misc|open-source,guarded,True,False,False,False,False,1644
cyberbro-ac405b1b,Cyberbro,https://github.com/stanfrbd/cyberbro,github.com,Other Tools,,"A self-hosted application, available as a Dockerized, for effortless searching and reputation checking of observables. Extracts IoCs from raw input and check their reputation using multiple services.",misc|open-source,low,False,False,False,False,False,1645
cybergordon-3f772a93,CyberGordon,https://cybergordon.com,cybergordon.com,Other Tools,,CyberGordon is a threat intelligence search engine. It leverages 30+ sources.,misc,low,False,False,False,False,False,1646
crowdsec-857b1148,CrowdSec,https://github.com/crowdsecurity/crowdsec,github.com,Other Tools,,"An open source, free, and collaborative IPS/IDS software written in Go, able to analyze visitor behavior & provide an adapted response to all kinds of attacks.",free|misc|open-source,low,False,False,False,False,False,1647
datasploit-07afb135,Datasploit,https://github.com/DataSploit/datasploit,github.com,Other Tools,,"Tool to perform various OSINT techniques on usernames, emails addresses, and domains.",misc|open-source,guarded,True,False,False,False,False,1648
dehashed-cli-ed0ba35e,Dehashed CLI,https://github.com/hmaverickadams/DeHashed-API-Tool,github.com,Other Tools,,Command-line tool for searching breach databases via DeHashed API.,api|cli|misc|open-source,restricted,False,True,False,False,False,1649
dorkgpt-e5fc56b6,Dorkgpt,https://www.dorkgpt.com,dorkgpt.com,Other Tools,,Artificial intelligence that generates advanced search queries to find specific or hidden information on the internet.,misc,low,False,False,False,False,False,1650
duckduckgo-url-scraper-7bf424d1,DuckDuckGo URL scraper,https://github.com/its0x08/duckduckgo,github.com,Other Tools,,A simple DuckDuckGo URL scraper.,misc|open-source,low,False,False,False,False,False,1651
faviconhash-f30e463b,FaviconHash,https://kriztalz.sh/favicon-hash/,kriztalz.sh,Other Tools,,"Generate favicon hashes of a website for use on Shodan, VirusTotal, Censys, ZoomEye or FOFA.",misc,guarded,False,False,False,True,False,1652
find-osint-tool-b77cb4a7,Find osint tool,https://find.osint-tool.com,find.osint-tool.com,Other Tools,,Searches multiple OSINT tools to find information across various sources.,misc,low,False,False,False,False,False,1653
foca-4aa8bb93,FOCA,https://github.com/ElevenPaths/FOCA,github.com,Other Tools,,Tool to find metadata and hidden information in the documents.,exif|misc|open-source,low,False,False,False,False,False,1654
glit-43d4875d,Glit,https://github.com/shadawck/glit,github.com,Other Tools,,"Retrieve all mails of users related to a git repository, a git user or a git organization.",misc|open-source,low,False,False,False,False,False,1655
greynoise-1364a7b5,Greynoise,https://greynoise.io/,greynoise.io,Other Tools,,"""Anti-Threat Intelligence"" Greynoise characterizes the background noise of the internet, so the user can focus on what is actually important.",misc,low,False,False,False,False,False,1656
hunchly-d731d593,Hunchly,https://www.hunch.ly/,hunch.ly,Other Tools,,Hunchly is a web capture tool designed specifically for online investigations.,misc,low,False,False,False,False,False,1658
intellyweave-693887df,IntellyWeave,https://github.com/vericle/intellyweave,github.com,Other Tools,,"AI-powered OSINT platform with GLiNER entity extraction, Mapbox 3D geospatial visualization, and multi-agent archive research across 30+ international archives.",archive|misc|open-source,low,False,False,False,False,False,1659
keyfinder-31fb3ddf,keyFinder,https://github.com/momenbasel/keyFinder,github.com,Other Tools,,"Chrome extension that passively discovers leaked API keys, tokens, secrets, and credentials on any web page by scanning scripts, meta tags, hidden fields, web storage, and network responses using 80+ detection patterns and Shannon entropy analysis.",api|misc|open-source,restricted,False,True,False,False,False,1660
linkscope-client-f7a3b725,LinkScope Client,https://github.com/AccentuSoft/LinkScope_Client,github.com,Other Tools,,LinkScope Client Github repository.,misc|open-source,low,False,False,False,False,False,1661
linkscope-6ab8c401,LinkScope,https://accentusoft.com/,accentusoft.com,Other Tools,,LinkScope is an open source intelligence (OSINT) graphical link analysis tool and automation platform for gathering and connecting information for investigative tasks.,misc|open-source,low,False,False,False,False,False,1662
maltego-e245a177,Maltego,https://www.maltego.com/,maltego.com,Other Tools,,Maltego is an open source intelligence (OSINT) and graphical link analysis tool for gathering and connecting information for investigative tasks.,misc|open-source,low,False,False,False,False,False,1663
mozilla-http-observatory-47412682,Mozilla HTTP Observatory,https://developer.mozilla.org/en-US/observatory,developer.mozilla.org,Other Tools,,Observatory⁩ enhances web security by analyzing compliance with best security practices.,misc,low,False,False,False,False,False,1664
obsidian-0f71fded,Obsidian,https://obsidian.md,obsidian.md,Other Tools,,Knowledge base and note-taking tool ideal for OSINT case management.,misc,low,False,False,False,False,False,1665
opengraph-intel-ogi-ccf79b53,OpenGraph Intel (OGI),https://github.com/khashashin/ogi,github.com,Other Tools,,Open Source Link Analysis & OSINT Framework. AI Powered Investigation Tool,misc|open-source,low,False,False,False,False,False,1666
openrefine-1b8411a1,OpenRefine,https://github.com/OpenRefine,github.com,Other Tools,,Free & open source power tool for working with messy data and improving it.,free|misc|open-source,low,False,False,False,False,False,1667
orbit-e55dbc9d,Orbit,https://github.com/s0md3v/Orbit,github.com,Other Tools,,Draws relationships between crypto wallets with recursive crawling of transaction history.,misc|open-source,low,False,False,False,False,False,1668
osint-framework-a9957460,OSINT Framework,http://osintframework.com/,osintframework.com,Other Tools,,Web based framework for OSINT.,misc,low,False,False,False,False,False,1669
osint-tool-93778acf,OSINT-Tool,https://www.osint-tool.com/,osint-tool.com,Other Tools,,"A browser extension that gives you access to a suite of OSINT utilities (Dehashed, Epieos, Domaintools, Exif data, Reverse image search, etc) directly on any webpage you visit.",exif|misc|reverse-search,low,False,False,False,False,False,1670
osint-sh-f377afef,OSINT.SH,https://osint.sh/,osint.sh,Other Tools,,Information Gathering Toolset.,misc,low,False,False,False,False,False,1671
osintstalker-12f9385f,OsintStalker,https://github.com/milo2012/osintstalker,github.com,Other Tools,,Python script for Facebook and geolocation OSINT.,misc|open-source,guarded,True,False,False,False,False,1672
outwit-39c4108e,Outwit,http://www.outwit.com,outwit.com,Other Tools,,"Find, grab and organize all kinds of data and media from online sources.",misc,low,False,False,False,False,False,1673
pgpkeyanalyser-127c88e8,PGPKeyAnalyser,https://kriztalz.sh/pgp-key-analyser/,kriztalz.sh,Other Tools,,Analyse and view the details of a PGP key online without having to download the asc file.,misc,low,False,False,False,False,False,1674
photon-eaa4c77a,Photon,https://github.com/s0md3v/Photon,github.com,Other Tools,,Crawler designed for OSINT,misc|open-source,low,False,False,False,False,False,1675
prism-5746d590,PRISM,https://github.com/NovaCode37/Prism-platform,github.com,Other Tools,,"Self-hosted all-in-one OSINT platform that scans a domain, IP, email, phone, or username across 22+ modules and returns threat intel, breach data, subdomains, an OPSEC score, entity graph, GeoIP map, and HTML/PDF reports. [Live demo](https://getprism.su).",mapping|misc|open-source,restricted,True,True,False,False,False,1676
pyba-6e9882bf,Pyba,https://github.com/fauvidoTechnologies/PyBrowserAutomation/,github.com,Other Tools,,"A browser automation framework which requires low-code to search the web and perform OSINT using DFS and BFS modes, ideal for exploratory tasks.",misc|open-source,low,False,False,False,False,False,1677
pygreynoise-84aafa09,pygreynoise,https://github.com/GreyNoise-Intelligence/pygreynoise,github.com,Other Tools,,Greynoise Python Library,misc|open-source,low,False,False,False,False,False,1678
quickcode-7b76e7d2,QuickCode,https://quickcode.io/,quickcode.io,Other Tools,,Python and R data analysis environment.,misc,low,False,False,False,False,False,1679
reconftw-c32cbfda,ReconFTW,https://github.com/six2dez/reconftw,github.com,Other Tools,,Automated reconnaissance framework for bug bounty and pentesting with multiple integrated tools.,misc|open-source,low,False,False,False,False,False,1680
router-passwords-986ad16f,Router Passwords,https://www.routerpasswords.com,routerpasswords.com,Other Tools,,Online database of default router passwords.,misc,guarded,False,True,False,False,False,1681
serpapi-1239f854,SerpApi,https://serpapi.com/,serpapi.com,Other Tools,,Scrapes Google search and 25+ search engines with ease and retruns a raw JSON. Supports 10 API wrappers.,api|misc,low,False,False,False,False,False,1682
serpscan-6bafffe6,SerpScan,https://github.com/Alaa-abdulridha/SerpScan,github.com,Other Tools,,"Powerful PHP script designed to allow you to leverage the power of dorking straight from the comfort of your command line. Analyzes data from Google, Bing, Yahoo, Yandex, and Badiu.",cli|misc|open-source,low,False,False,False,False,False,1683
sintelix-0f9ccd85,Sintelix,https://sintelix.com/,sintelix.com,Other Tools,,Sintelix is an open source intelligence (OSINT) and graphical link analysis tool for gathering and connecting information for investigative tasks.,misc|open-source,low,False,False,False,False,False,1684
sn0int-f992e745,sn0int,https://github.com/kpcyrd/sn0int,github.com,Other Tools,,Semi-automatic OSINT framework and package manager.,misc|open-source,low,False,False,False,False,False,1685
spiderfoot-69fbb101,SpiderFoot,https://github.com/smicallef/spiderfoot,github.com,Other Tools,,SpiderFoot Github repository.,misc|open-source,low,False,False,False,False,False,1686
spiderfoot-ae3d3e38,SpiderFoot,https://www.spiderfoot.net,spiderfoot.net,Other Tools,,"SpiderFoot is an open source intelligence (OSINT) automation platform with over 200 modules for threat intelligence, attack surface monitoring, security assessments and asset discovery.",misc|open-source,guarded,True,False,False,False,False,1687
spidersuite-f3f5c80d,SpiderSuite,https://github.com/3nock/SpiderSuite,github.com,Other Tools,,"An advance, cross-platform, GUI web security crawler.",misc|open-source,low,False,False,False,False,False,1688
sub3-suite-46c1c816,Sub3 Suite,https://github.com/3nock/sub3suite,github.com,Other Tools,,A research-grade suite of tools for intelligence gathering & target mapping with both active and passive(100+ modules) intelligence gathering capabilities.,mapping|misc|open-source,low,False,False,False,False,False,1689
the-harvester-e6601103,The Harvester,https://github.com/laramies/theHarvester,github.com,Other Tools,,"Gather emails, subdomains, hosts, employee names, open ports and banners from different public sources like search engines, PGP key servers and SHODAN computer database.",misc|open-source,guarded,True,False,False,False,False,1690
unfurl-ae8b4269,Unfurl,https://dfir.blog/unfurl/,dfir.blog,Other Tools,,Unfurl analyzes and breaks down URLs into useful forensic components for digital investigation.,misc,low,False,False,False,False,False,1691
waybackurls-72f8f3ed,Waybackurls,https://github.com/tomnomnom/waybackurls,github.com,Other Tools,,Fetch all URLs known by the Wayback Machine for a domain.,archive|misc|open-source,low,False,False,False,False,False,1692
zen-8fd6eb53,Zen,https://github.com/s0md3v/Zen,github.com,Other Tools,,Find email addresses of Github users urls and other data effortlessly,certificate|misc|open-source,guarded,True,False,False,False,False,1693
threat-actor-usernames-e0b56c46,Threat Actor Usernames,https://threatactorusernames.com/,threatactorusernames.com,Threat Intelligence,,search through 3M+ threat actor username records and discover where they operate online and post.,cti|ioc,guarded,True,False,False,False,False,1698
defend-network-78ef9c7a,defend.network,https://defend.network,defend.network,Threat Intelligence,,"Free, no-login cyber threat intelligence publishing daily threat briefings and weekly vulnerability reports, with every CVE cross-checked against NVD and the CISA KEV catalog. Content is structured by threat type, industry, and severity, with remediation guidance. RSS feed at defend.network/feed.xml.",cti|cve|free|ioc|rss,guarded,False,False,False,False,False,1699
dfir-platform-6a7ec1b1,DFIR Platform,https://platform.dfir-lab.ch,platform.dfir-lab.ch,Threat Intelligence,,"Threat intelligence platform with multi-source IOC enrichment, phishing email analysis, exposure scanning, and domain reputation scoring. Free tier available.",cti|free|ioc,guarded,True,False,False,False,False,1700
dropbase-2a429a80,Dropbase,https://dropbase.fun,dropbase.fun,Threat Intelligence,,"a fast breach, malware log, and OSINT search workspace with daily credits, map tools, and live community chat.",cti|ioc|malware|mapping|paid,guarded,False,True,False,True,False,1701
gitguardian-public-github-monitoring-f3b21455,GitGuardian - Public GitHub Monitoring,https://www.gitguardian.com/monitor-public-github-for-secrets,gitguardian.com,Threat Intelligence,,Monitor public GitHub repositories in real time. Detect secrets and sensitive information to prevent hackers from using GitHub as a backdoor to your business.,cti|ioc,guarded,False,False,False,False,False,1702
onion-lookup-ddda3971,onion-lookup,https://onion.ail-project.org/,onion.ail-project.org,Threat Intelligence,,Free online service and API for checking the existence of Tor hidden services (.onion address) and retrieving their associated metadata. onion-lookup relies on an private AIL instance to obtain the metadata.,api|cti|exif|free|ioc,guarded,False,False,True,False,False,1703
onionscan-afc068f0,OnionScan,https://github.com/s-rah/onionscan,github.com,Threat Intelligence,,Free and open source tool for investigating the Dark Web. Its main goal is to help researchers and investigators monitor and track Dark Web sites.,cti|free|ioc|open-source,guarded,False,False,True,False,False,1704
otx-alienvault-ab8c02fd,OTX AlienVault,https://otx.alienvault.com/,otx.alienvault.com,Threat Intelligence,,"Open Threat Exchange is the neighborhood watch of the global intelligence community. It enables private companies, independent security researchers, and government agencies to openly collaborate and share the latest information about emerging threats, attack methods, and malicious actors, promoting greater security across the entire community.",cti|ioc,guarded,False,False,False,False,False,1705
pharos-ai-b9cbcea4,Pharos AI,https://conflicts.app,conflicts.app,Threat Intelligence,,"Real-time open-source intelligence dashboard for conflict tracking with interactive geospatial visualization, multi-source RSS monitoring, and actor dossiers.",cti|ioc|open-source|rss,guarded,False,False,False,False,False,1706
phishingseclists-14f19114,PhishingSecLists,https://github.com/spmedia/PhishingSecLists,github.com,Threat Intelligence,,"This list is to be used with web scanning tools (Gobuster, ffuf, Burp Suite, DirBuster). These lists are specifically tailored and designed for fuzzing phishing, crypto scam landing pages, and other malicious sketch af websites. You can gain vaulable intel on successful hits.",cti|ioc|open-source,guarded,False,False,False,False,False,1707
rescure-threat-intel-feed-4b5d504d,REScure Threat Intel Feed,https://rescure.fruxlabs.com/,rescure.fruxlabs.com,Threat Intelligence,,"REScure is an independent threat intelligence project which we undertook to enhance our understanding of distributed systems, their integration, the nature of threat intelligence and how to efficiently collect, store, consume, distribute it.",cti|ioc|rss,guarded,False,False,False,False,False,1708
stix-viewer-7cda95e0,STIX Viewer,https://stix-viewer.threatlandscape.io/,stix-viewer.threatlandscape.io,Threat Intelligence,,An online free STIX 2.1 viewer / visualizer.,cti|free|ioc,guarded,False,False,False,False,False,1709
taranis-ai-ef1fdd5a,Taranis AI,https://github.com/taranis-ai/taranis-ai,github.com,Threat Intelligence,,"Open-source OSINT platform for collecting, enriching, analyzing, and publishing intelligence from web, RSS, email, and other sources with AI/NLP-assisted workflows.",cti|ioc|open-source|rss,guarded,True,False,False,False,False,1710
threat-actor-usernames-scrape-ad443004,Threat Actor Usernames Scrape,https://github.com/spmedia/Threat-Actor-Usernames-Scrape,github.com,Threat Intelligence,,A collection of fresh intel and 900k+ threat actor usernames scraped from various cybercrime sources & forums.,cti|ioc|open-source,guarded,True,False,False,False,False,1711
threatlens-d7e5360f,ThreatLens,https://github.com/AbdaullahAG/Threat_Intel_Project,github.com,Threat Intelligence,,"Professional multi-source Threat Intelligence CLI tool to investigate IPs, domains, hashes, and CVEs across multiple free APIs with automated log parsing and color-coded reporting.",cli|cti|free|ioc|open-source,guarded,False,False,False,False,False,1712
voidaccess-7c66116a,VoidAccess,https://github.com/KatrielMoses/voidaccess,github.com,Threat Intelligence,,"Self-hosted, open-source dark web threat intelligence platform that automates the full OSINT investigation workflow. Supports query refinement, multi-engine Tor search, entity extraction (wallets, CVEs, IPs, actor handles, hashes), relationship graphing, and structured export in STIX 2.1, MISP, Sigma, and CSV. Runs on Docker with free LLMs. MIT licensed.",cti|free|ioc|open-source,guarded,False,False,True,False,False,1713
voidly-censorship-index-7f56b3b1,Voidly Censorship Index,https://voidly.ai/censorship-index,voidly.ai,Threat Intelligence,,"Real-time global internet censorship intelligence aggregating 19.6M live OONI samples and 1.6M historical records across 119+ countries. Provides a citable incident database (5,356 incidents, 16,822 evidence items), an ML-driven shutdown early-warning feed, ISP-level risk scoring, and a public REST/MCP API for blocking, DNS poisoning, and BGP-level outage signals. Data licensed CC BY 4.0.",api|archive|asn-bgp|cti|ioc|rss,guarded,False,False,False,False,False,1714
lol-monitor-efa0c1ea,lol_monitor,https://github.com/misiektoja/lol_monitor,github.com,Gaming Platforms,,"Tool for real-time tracking of LoL (League of Legends) players gaming activities including detection when a user starts or finishes a match with support for email alerts, CSV logging, playtime stats and more",gaming|open-source|social-media,guarded,True,False,False,False,False,1718
psn-monitor-0f753630,psn_monitor,https://github.com/misiektoja/psn_monitor,github.com,Gaming Platforms,,"Tool for real-time tracking of Sony Playstation (PSN) players gaming activities including detection when a user gets online/offline or plays games with support for email alerts, CSV logging, playtime stats and more",gaming|open-source|social-media,guarded,True,False,False,False,False,1719
steam-monitor-b6c23368,steam_monitor,https://github.com/misiektoja/steam_monitor,github.com,Gaming Platforms,,"Tool for real-time tracking of Steam players' gaming activities including detection when a user gets online/offline or plays games with support for email alerts, CSV logging, playtime stats and more",gaming|open-source|social-media,guarded,True,False,False,False,False,1720
xbox-monitor-8ac171c7,xbox_monitor,https://github.com/misiektoja/xbox_monitor,github.com,Gaming Platforms,,"Tool for real-time tracking of Xbox Live players gaming activities including detection when a user gets online/offline or plays games with support for email alerts, CSV logging, playtime stats and more",gaming|open-source|social-media,guarded,True,False,False,False,False,1721
lastfm-monitor-019d25da,lastfm_monitor,https://github.com/misiektoja/lastfm_monitor,github.com,Music Streaming Services,,"Tool for real-time tracking of Last.fm users' listening activity including detection when user gets online & offline, pauses or resumes playback, all played songs, its duration, skipped songs, with optional auto-play, email alerts, CSV logging, session stats and more",music|open-source|social-media,guarded,True,False,False,False,False,1725
spotify-profile-monitor-061e7bd8,spotify_profile_monitor,https://github.com/misiektoja/spotify_profile_monitor,github.com,Music Streaming Services,,"Tool for real-time tracking of Spotify users' activities and profile changes, including playlists, with support for email alerts, CSV logging, showing media in the terminal, detection of profile picture changes and more",music|open-source|social-media,guarded,True,False,False,False,False,1726
spotify-monitor-2227b1dc,spotify_monitor,https://github.com/misiektoja/spotify_monitor,github.com,Music Streaming Services,,"Tool for real-time tracking of Spotify friends' listening activity including detection when user gets online & offline, played songs, its duration, skipped songs, with optional auto-play, email alerts, CSV logging, session stats and more",music|open-source|social-media,guarded,True,False,False,False,False,1727
amazing-mind-reader-reveals-his-gift-99c9794c,Amazing mind reader reveals his ‘gift’,https://www.youtube.com/watch?v=F7pYHN9iC9I,youtube.com,OSINT Videos,,,training|video,low,False,False,False,False,False,1731
bendobrown-e4edcf44,Bendobrown,https://www.youtube.com/c/Bendobrown,youtube.com,OSINT Videos,,,training|video,low,False,False,False,False,False,1732
data-to-go-3735a4bb,Data to Go,https://www.youtube.com/watch?v=_YRs28yBYuI,youtube.com,OSINT Videos,,,training|video,low,False,False,False,False,False,1733
sans-osint-summit-2021-playlist-620e56f6,SANS OSINT Summit 2021 (Playlist),https://www.youtube.com/playlist?list=PLs4eo9Tja8bj3jJvv42LxOkhc2_ylpS9y,youtube.com,OSINT Videos,,,training|video,low,False,False,False,False,False,1734
see-how-easily-freaks-can-take-over-your-life-9e690ebb,See how easily freaks can take over your life,https://www.youtube.com/watch?v=Rn4Rupla11M,youtube.com,OSINT Videos,,,training|video,low,False,False,False,False,False,1735
bellingcat-0adeb854,Bellingcat,https://www.bellingcat.com/,bellingcat.com,OSINT Blogs,,,blogs|training,low,False,False,False,False,False,1739
einvestigator-bb73d83e,eInvestigator,https://www.einvestigator.com/,einvestigator.com,OSINT Blogs,,,blogs|training,low,False,False,False,False,False,1740
inteltechniques-bc864960,IntelTechniques,https://inteltechniques.com/,inteltechniques.com,OSINT Blogs,,,blogs|training,low,False,False,False,False,False,1741
nixintel-72f5343c,NixIntel,https://nixintel.info/,nixintel.info,OSINT Blogs,,,blogs|training,low,False,False,False,False,False,1742
osint-techniques-eedcb970,OSINT Techniques,https://www.osinttechniques.com/blog,osinttechniques.com,OSINT Blogs,,,blogs|training,low,False,False,False,False,False,1743
osint-ambition-publication-9ede4397,OSINT Ambition Publication,https://publication.osintambition.org/,publication.osintambition.org,OSINT Blogs,,,blogs|training,low,False,False,False,False,False,1744
osint-team-4739ed9a,OSINT Team,https://www.osintteam.com/,osintteam.com,OSINT Blogs,,,blogs|training,low,False,False,False,False,False,1745
osintcurious-66149c02,OSINTCurious,https://osintcurio.us/,osintcurio.us,OSINT Blogs,,,blogs|training,low,False,False,False,False,False,1746
sector035-9b6e2a81,Sector035,https://sector035.nl/,sector035.nl,OSINT Blogs,,,blogs|training,low,False,False,False,False,False,1747
skopenow-73270516,Skopenow,https://www.skopenow.com/news,skopenow.com,OSINT Blogs,,,blogs|training,low,False,False,False,False,False,1748
sleuth-for-the-truth-b43e3499,Sleuth For The Truth,http://sleuthforthetruth.com/,sleuthforthetruth.com,OSINT Blogs,,,blogs|training,low,False,False,False,False,False,1749
social-links-f5312863,Social Links,https://blog.sociallinks.io/,blog.sociallinks.io,OSINT Blogs,,,blogs|training,low,False,False,False,False,False,1750
euvsdisinfo-ddf94085,EUvsDisinfo,https://euvsdisinfo.eu/category/blog/feed/,euvsdisinfo.eu,OSINT RSS Feeds,,"Research, analysis, and case studies focused on disinformation narratives and influence operations.",rss|training,low,False,False,False,False,False,1754
fake-news-inforrm-s-blog-20f52caa,Fake News – Inforrm's Blog,https://inforrm.org/tag/fake-news/feed/,inforrm.org,OSINT RSS Feeds,,Media law and misinformation analysis relevant to disinformation investigations.,rss|training,low,False,False,False,False,False,1755
krebs-on-security-74f453f8,Krebs on Security,https://krebsonsecurity.com/feed/,krebsonsecurity.com,OSINT RSS Feeds,,"Investigative reporting on cybercrime, breaches, and threat actors.",rss|training,guarded,False,True,False,False,False,1756
osint-combine-blog-44f3de9e,OSINT Combine Blog,https://www.osintcombine.com/blog-feed.xml,osintcombine.com,OSINT RSS Feeds,,"Current OSINT tradecraft, investigations, and monitoring workflows.",rss|training,low,False,False,False,False,False,1757
sans-internet-storm-center-diary-full-text-bf179117,SANS Internet Storm Center Diary (Full Text),https://isc.sans.edu/rssfeed_full.xml,isc.sans.edu,OSINT RSS Feeds,,"High-signal incident reports, malware observations, and operational security analysis.",malware|rss|training,guarded,False,False,False,True,False,1758
the-citizen-lab-29e28915,The Citizen Lab,https://citizenlab.ca/feed/,citizenlab.ca,OSINT RSS Feeds,,"Research on surveillance, spyware, censorship, and digital threats relevant to advanced OSINT work.",rss|training,low,False,False,False,False,False,1759
trace-labs-blog-1cb9dc75,Trace Labs Blog,https://www.tracelabs.org/blog/rss.xml,tracelabs.org,OSINT RSS Feeds,,"Missing-person OSINT methodology, case support, and investigative workflows.",rss|training,low,False,False,False,False,False,1760
appsec-fyi-osint-resources-7a25b462,appsec.fyi OSINT Resources,https://appsec.fyi/osint.html,appsec.fyi,Other Resources,,"Curated collection of OSINT resources for cybersecurity, including tools, techniques, and writeups.",resources|training,low,False,False,False,False,False,1764
aware-online-com-1dda6286,Aware-online.com,https://www.aware-online.com/en/osint-tools,aware-online.com,Other Resources,,Curated collection of OSINT tools and methodologies for investigations.,resources|training,low,False,False,False,False,False,1765
bellingcat-s-online-investigation-toolkit-cc369215,Bellingcat's Online Investigation Toolkit,http://bit.ly/bcattools,bit.ly,Other Resources,,,resources|training,low,False,False,False,False,False,1766
cipherstick-7a3416a6,Cipherstick,https://cipherstick.tech,cipherstick.tech,Other Resources,,Free OSINT Puzzles - No Account Needed!,free|resources|training,low,False,False,False,False,False,1768
osint-dojo-560ace99,OSINT Dojo,https://www.osintdojo.com/resources/,osintdojo.com,Other Resources,,,resources|training,low,False,False,False,False,False,1769
osint-belarus-e2cd6631,OSINT Belarus,https://t.me/s/osintby,t.me,Other Resources,,,resources|training,low,False,False,False,False,False,1770
osint-updates-a-free-weekly-newsletter-for-osinters-2163373e,OSINT Updates - a free weekly newsletter for OSINTers,https://osintupdates.com/,osintupdates.com,Other Resources,,,free|resources|training,low,False,False,False,False,False,1772
